State,Scheduled employment,Category,Category details,Effective from,Notification date,Daily rate,Monthly rate,PDF URL,Notes
Tamil Nadu,Manager,General Category,,01-04-2025,03-03-2025,565.5,14703,https://f1a40278-2118-4c25-abcb-b9aa5dc342d3.usrfiles.com/ugd/f1a402_abe15b5a75234dd7b56cf4b3ae1e383e.pdf,
Tamil Nadu,Manager,General Category,,01-04-2025,03-03-2025,563.12,14641,https://f1a40278-2118-4c25-abcb-b9aa5dc342d3.usrfiles.com/ugd/f1a402_abe15b5a75234dd7b56cf4b3ae1e383e.pdf,
Tamil Nadu,Manager,General Category,,01-04-2025,03-03-2025,560.65,14577,https://f1a40278-2118-4c25-abcb-b9aa5dc342d3.usrfiles.com/ugd/f1a402_abe15b5a75234dd7b56cf4b3ae1e383e.pdf,
Tamil Nadu,Manager,General Category,,01-04-2025,03-03-2025,558.73,14527,https://f1a40278-2118-4c25-abcb-b9aa5dc342d3.usrfiles.com/ugd/f1a402_abe15b5a75234dd7b56cf4b3ae1e383e.pdf,
Tamil Nadu,Sales Manager,General Category,,01-04-2025,03-03-2025,565.5,14703,https://f1a40278-2118-4c25-abcb-b9aa5dc342d3.usrfiles.com/ugd/f1a402_abe15b5a75234dd7b56cf4b3ae1e383e.pdf,
Tamil Nadu,Sales Manager,General Category,,01-04-2025,03-03-2025,563.12,14641,https://f1a40278-2118-4c25-abcb-b9aa5dc342d3.usrfiles.com/ugd/f1a402_abe15b5a75234dd7b56cf4b3ae1e383e.pdf,
Tamil Nadu,Sales Manager,General Category,,01-04-2025,03-03-2025,560.65,14577,https://f1a40278-2118-4c25-abcb-b9aa5dc342d3.usrfiles.com/ugd/f1a402_abe15b5a75234dd7b56cf4b3ae1e383e.pdf,
Tamil Nadu,Sales Manager,General Category,,01-04-2025,03-03-2025,558.73,14527,https://f1a40278-2118-4c25-abcb-b9aa5dc342d3.usrfiles.com/ugd/f1a402_abe15b5a75234dd7b56cf4b3ae1e383e.pdf,
Tamil Nadu,Field Officer,General Category,,01-04-2025,03-03-2025,565.5,14703,https://f1a40278-2118-4c25-abcb-b9aa5dc342d3.usrfiles.com/ugd/f1a402_abe15b5a75234dd7b56cf4b3ae1e383e.pdf,
Tamil Nadu,Field Officer,General Category,,01-04-2025,03-03-2025,563.12,14641,https://f1a40278-2118-4c25-abcb-b9aa5dc342d3.usrfiles.com/ugd/f1a402_abe15b5a75234dd7b56cf4b3ae1e383e.pdf,
Tamil Nadu,Field Officer,General Category,,01-04-2025,03-03-2025,560.65,14577,https://f1a40278-2118-4c25-abcb-b9aa5dc342d3.usrfiles.com/ugd/f1a402_abe15b5a75234dd7b56cf4b3ae1e383e.pdf,
Tamil Nadu,Field Officer,General Category,,01-04-2025,03-03-2025,558.73,14527,https://f1a40278-2118-4c25-abcb-b9aa5dc342d3.usrfiles.com/ugd/f1a402_abe15b5a75234dd7b56cf4b3ae1e383e.pdf,
Tamil Nadu,Development Officer,General Category,,01-04-2025,03-03-2025,565.5,14703,https://f1a40278-2118-4c25-abcb-b9aa5dc342d3.usrfiles.com/ugd/f1a402_abe15b5a75234dd7b56cf4b3ae1e383e.pdf,
Tamil Nadu,Development Officer,General Category,,01-04-2025,03-03-2025,563.12,14641,https://f1a40278-2118-4c25-abcb-b9aa5dc342d3.usrfiles.com/ugd/f1a402_abe15b5a75234dd7b56cf4b3ae1e383e.pdf,
Tamil Nadu,Development Officer,General Category,,01-04-2025,03-03-2025,560.65,14577,https://f1a40278-2118-4c25-abcb-b9aa5dc342d3.usrfiles.com/ugd/f1a402_abe15b5a75234dd7b56cf4b3ae1e383e.pdf,
Tamil Nadu,Development Officer,General Category,,01-04-2025,03-03-2025,558.73,14527,https://f1a40278-2118-4c25-abcb-b9aa5dc342d3.usrfiles.com/ugd/f1a402_abe15b5a75234dd7b56cf4b3ae1e383e.pdf,
Tamil Nadu,Officer in Charge,General Category,,01-04-2025,03-03-2025,565.5,14703,https://f1a40278-2118-4c25-abcb-b9aa5dc342d3.usrfiles.com/ugd/f1a402_abe15b5a75234dd7b56cf4b3ae1e383e.pdf,
Tamil Nadu,Officer in Charge,General Category,,01-04-2025,03-03-2025,563.12,14641,https://f1a40278-2118-4c25-abcb-b9aa5dc342d3.usrfiles.com/ugd/f1a402_abe15b5a75234dd7b56cf4b3ae1e383e.pdf,
Tamil Nadu,Officer in Charge,General Category,,01-04-2025,03-03-2025,560.65,14577,https://f1a40278-2118-4c25-abcb-b9aa5dc342d3.usrfiles.com/ugd/f1a402_abe15b5a75234dd7b56cf4b3ae1e383e.pdf,
Tamil Nadu,Officer in Charge,General Category,,01-04-2025,03-03-2025,558.73,14527,https://f1a40278-2118-4c25-abcb-b9aa5dc342d3.usrfiles.com/ugd/f1a402_abe15b5a75234dd7b56cf4b3ae1e383e.pdf,
Tamil Nadu,Asst Manager,General Category,,01-04-2025,03-03-2025,545.88,14193,https://f1a40278-2118-4c25-abcb-b9aa5dc342d3.usrfiles.com/ugd/f1a402_abe15b5a75234dd7b56cf4b3ae1e383e.pdf,
Tamil Nadu,Asst Manager,General Category,,01-04-2025,03-03-2025,543.38,14128,https://f1a40278-2118-4c25-abcb-b9aa5dc342d3.usrfiles.com/ugd/f1a402_abe15b5a75234dd7b56cf4b3ae1e383e.pdf,
Tamil Nadu,Asst Manager,General Category,,01-04-2025,03-03-2025,541,14066,https://f1a40278-2118-4c25-abcb-b9aa5dc342d3.usrfiles.com/ugd/f1a402_abe15b5a75234dd7b56cf4b3ae1e383e.pdf,
Tamil Nadu,Asst Manager,General Category,,01-04-2025,03-03-2025,538.62,14004,https://f1a40278-2118-4c25-abcb-b9aa5dc342d3.usrfiles.com/ugd/f1a402_abe15b5a75234dd7b56cf4b3ae1e383e.pdf,
Tamil Nadu,Accountant,General Category,,01-04-2025,03-03-2025,545.88,14193,https://f1a40278-2118-4c25-abcb-b9aa5dc342d3.usrfiles.com/ugd/f1a402_abe15b5a75234dd7b56cf4b3ae1e383e.pdf,
Tamil Nadu,Accountant,General Category,,01-04-2025,03-03-2025,543.38,14128,https://f1a40278-2118-4c25-abcb-b9aa5dc342d3.usrfiles.com/ugd/f1a402_abe15b5a75234dd7b56cf4b3ae1e383e.pdf,
Tamil Nadu,Accountant,General Category,,01-04-2025,03-03-2025,541,14066,https://f1a40278-2118-4c25-abcb-b9aa5dc342d3.usrfiles.com/ugd/f1a402_abe15b5a75234dd7b56cf4b3ae1e383e.pdf,
Tamil Nadu,Accountant,General Category,,01-04-2025,03-03-2025,538.62,14004,https://f1a40278-2118-4c25-abcb-b9aa5dc342d3.usrfiles.com/ugd/f1a402_abe15b5a75234dd7b56cf4b3ae1e383e.pdf,
Tamil Nadu,Supervisor,General Category,,01-04-2025,03-03-2025,545.88,14193,https://f1a40278-2118-4c25-abcb-b9aa5dc342d3.usrfiles.com/ugd/f1a402_abe15b5a75234dd7b56cf4b3ae1e383e.pdf,
Tamil Nadu,Supervisor,General Category,,01-04-2025,03-03-2025,543.38,14128,https://f1a40278-2118-4c25-abcb-b9aa5dc342d3.usrfiles.com/ugd/f1a402_abe15b5a75234dd7b56cf4b3ae1e383e.pdf,
Tamil Nadu,Supervisor,General Category,,01-04-2025,03-03-2025,541,14066,https://f1a40278-2118-4c25-abcb-b9aa5dc342d3.usrfiles.com/ugd/f1a402_abe15b5a75234dd7b56cf4b3ae1e383e.pdf,
Tamil Nadu,Supervisor,General Category,,01-04-2025,03-03-2025,538.62,14004,https://f1a40278-2118-4c25-abcb-b9aa5dc342d3.usrfiles.com/ugd/f1a402_abe15b5a75234dd7b56cf4b3ae1e383e.pdf,
Tamil Nadu,Sales Executive,General Category,,01-04-2025,03-03-2025,545.88,14193,https://f1a40278-2118-4c25-abcb-b9aa5dc342d3.usrfiles.com/ugd/f1a402_abe15b5a75234dd7b56cf4b3ae1e383e.pdf,
Tamil Nadu,Sales Executive,General Category,,01-04-2025,03-03-2025,543.38,14128,https://f1a40278-2118-4c25-abcb-b9aa5dc342d3.usrfiles.com/ugd/f1a402_abe15b5a75234dd7b56cf4b3ae1e383e.pdf,
Tamil Nadu,Sales Executive,General Category,,01-04-2025,03-03-2025,541,14066,https://f1a40278-2118-4c25-abcb-b9aa5dc342d3.usrfiles.com/ugd/f1a402_abe15b5a75234dd7b56cf4b3ae1e383e.pdf,
Tamil Nadu,Sales Executive,General Category,,01-04-2025,03-03-2025,538.62,14004,https://f1a40278-2118-4c25-abcb-b9aa5dc342d3.usrfiles.com/ugd/f1a402_abe15b5a75234dd7b56cf4b3ae1e383e.pdf,
Tamil Nadu,Purchaser,General Category,,01-04-2025,03-03-2025,545.88,14193,https://f1a40278-2118-4c25-abcb-b9aa5dc342d3.usrfiles.com/ugd/f1a402_abe15b5a75234dd7b56cf4b3ae1e383e.pdf,
Tamil Nadu,Purchaser,General Category,,01-04-2025,03-03-2025,543.38,14128,https://f1a40278-2118-4c25-abcb-b9aa5dc342d3.usrfiles.com/ugd/f1a402_abe15b5a75234dd7b56cf4b3ae1e383e.pdf,
Tamil Nadu,Purchaser,General Category,,01-04-2025,03-03-2025,541,14066,https://f1a40278-2118-4c25-abcb-b9aa5dc342d3.usrfiles.com/ugd/f1a402_abe15b5a75234dd7b56cf4b3ae1e383e.pdf,
Tamil Nadu,Purchaser,General Category,,01-04-2025,03-03-2025,538.62,14004,https://f1a40278-2118-4c25-abcb-b9aa5dc342d3.usrfiles.com/ugd/f1a402_abe15b5a75234dd7b56cf4b3ae1e383e.pdf,
Tamil Nadu,Store Keeper,General Category,,01-04-2025,03-03-2025,545.88,14193,https://f1a40278-2118-4c25-abcb-b9aa5dc342d3.usrfiles.com/ugd/f1a402_abe15b5a75234dd7b56cf4b3ae1e383e.pdf,
Tamil Nadu,Store Keeper,General Category,,01-04-2025,03-03-2025,543.38,14128,https://f1a40278-2118-4c25-abcb-b9aa5dc342d3.usrfiles.com/ugd/f1a402_abe15b5a75234dd7b56cf4b3ae1e383e.pdf,
Tamil Nadu,Store Keeper,General Category,,01-04-2025,03-03-2025,541,14066,https://f1a40278-2118-4c25-abcb-b9aa5dc342d3.usrfiles.com/ugd/f1a402_abe15b5a75234dd7b56cf4b3ae1e383e.pdf,
Tamil Nadu,Store Keeper,General Category,,01-04-2025,03-03-2025,538.62,14004,https://f1a40278-2118-4c25-abcb-b9aa5dc342d3.usrfiles.com/ugd/f1a402_abe15b5a75234dd7b56cf4b3ae1e383e.pdf,
Tamil Nadu,Agent,General Category,,01-04-2025,03-03-2025,545.88,14193,https://f1a40278-2118-4c25-abcb-b9aa5dc342d3.usrfiles.com/ugd/f1a402_abe15b5a75234dd7b56cf4b3ae1e383e.pdf,
Tamil Nadu,Agent,General Category,,01-04-2025,03-03-2025,543.38,14128,https://f1a40278-2118-4c25-abcb-b9aa5dc342d3.usrfiles.com/ugd/f1a402_abe15b5a75234dd7b56cf4b3ae1e383e.pdf,
Tamil Nadu,Agent,General Category,,01-04-2025,03-03-2025,541,14066,https://f1a40278-2118-4c25-abcb-b9aa5dc342d3.usrfiles.com/ugd/f1a402_abe15b5a75234dd7b56cf4b3ae1e383e.pdf,
Tamil Nadu,Agent,General Category,,01-04-2025,03-03-2025,538.62,14004,https://f1a40278-2118-4c25-abcb-b9aa5dc342d3.usrfiles.com/ugd/f1a402_abe15b5a75234dd7b56cf4b3ae1e383e.pdf,
Tamil Nadu,Sales Promotion Employees,General Category,,01-04-2025,03-03-2025,545.88,14193,https://f1a40278-2118-4c25-abcb-b9aa5dc342d3.usrfiles.com/ugd/f1a402_abe15b5a75234dd7b56cf4b3ae1e383e.pdf,
Tamil Nadu,Sales Promotion Employees,General Category,,01-04-2025,03-03-2025,543.38,14128,https://f1a40278-2118-4c25-abcb-b9aa5dc342d3.usrfiles.com/ugd/f1a402_abe15b5a75234dd7b56cf4b3ae1e383e.pdf,
Tamil Nadu,Sales Promotion Employees,General Category,,01-04-2025,03-03-2025,541,14066,https://f1a40278-2118-4c25-abcb-b9aa5dc342d3.usrfiles.com/ugd/f1a402_abe15b5a75234dd7b56cf4b3ae1e383e.pdf,
Tamil Nadu,Sales Promotion Employees,General Category,,01-04-2025,03-03-2025,538.62,14004,https://f1a40278-2118-4c25-abcb-b9aa5dc342d3.usrfiles.com/ugd/f1a402_abe15b5a75234dd7b56cf4b3ae1e383e.pdf,
Tamil Nadu,Cashier,General Category,,01-04-2025,03-03-2025,543.92,14142,https://f1a40278-2118-4c25-abcb-b9aa5dc342d3.usrfiles.com/ugd/f1a402_abe15b5a75234dd7b56cf4b3ae1e383e.pdf,
Tamil Nadu,Cashier,General Category,,01-04-2025,03-03-2025,541,14066,https://f1a40278-2118-4c25-abcb-b9aa5dc342d3.usrfiles.com/ugd/f1a402_abe15b5a75234dd7b56cf4b3ae1e383e.pdf,
Tamil Nadu,Cashier,General Category,,01-04-2025,03-03-2025,538.19,13993,https://f1a40278-2118-4c25-abcb-b9aa5dc342d3.usrfiles.com/ugd/f1a402_abe15b5a75234dd7b56cf4b3ae1e383e.pdf,
Tamil Nadu,Cashier,General Category,,01-04-2025,03-03-2025,535.85,13932,https://f1a40278-2118-4c25-abcb-b9aa5dc342d3.usrfiles.com/ugd/f1a402_abe15b5a75234dd7b56cf4b3ae1e383e.pdf,
Tamil Nadu,Clerk,General Category,,01-04-2025,03-03-2025,543.92,14142,https://f1a40278-2118-4c25-abcb-b9aa5dc342d3.usrfiles.com/ugd/f1a402_abe15b5a75234dd7b56cf4b3ae1e383e.pdf,
Tamil Nadu,Clerk,General Category,,01-04-2025,03-03-2025,541,14066,https://f1a40278-2118-4c25-abcb-b9aa5dc342d3.usrfiles.com/ugd/f1a402_abe15b5a75234dd7b56cf4b3ae1e383e.pdf,
Tamil Nadu,Clerk,General Category,,01-04-2025,03-03-2025,538.19,13993,https://f1a40278-2118-4c25-abcb-b9aa5dc342d3.usrfiles.com/ugd/f1a402_abe15b5a75234dd7b56cf4b3ae1e383e.pdf,
Tamil Nadu,Clerk,General Category,,01-04-2025,03-03-2025,535.85,13932,https://f1a40278-2118-4c25-abcb-b9aa5dc342d3.usrfiles.com/ugd/f1a402_abe15b5a75234dd7b56cf4b3ae1e383e.pdf,
Tamil Nadu,Typist-cum-clerk,General Category,,01-04-2025,03-03-2025,543.92,14142,https://f1a40278-2118-4c25-abcb-b9aa5dc342d3.usrfiles.com/ugd/f1a402_abe15b5a75234dd7b56cf4b3ae1e383e.pdf,
Tamil Nadu,Typist-cum-clerk,General Category,,01-04-2025,03-03-2025,541,14066,https://f1a40278-2118-4c25-abcb-b9aa5dc342d3.usrfiles.com/ugd/f1a402_abe15b5a75234dd7b56cf4b3ae1e383e.pdf,
Tamil Nadu,Typist-cum-clerk,General Category,,01-04-2025,03-03-2025,538.19,13993,https://f1a40278-2118-4c25-abcb-b9aa5dc342d3.usrfiles.com/ugd/f1a402_abe15b5a75234dd7b56cf4b3ae1e383e.pdf,
Tamil Nadu,Typist-cum-clerk,General Category,,01-04-2025,03-03-2025,535.85,13932,https://f1a40278-2118-4c25-abcb-b9aa5dc342d3.usrfiles.com/ugd/f1a402_abe15b5a75234dd7b56cf4b3ae1e383e.pdf,
Tamil Nadu,Typist,General Category,,01-04-2025,03-03-2025,543.92,14142,https://f1a40278-2118-4c25-abcb-b9aa5dc342d3.usrfiles.com/ugd/f1a402_abe15b5a75234dd7b56cf4b3ae1e383e.pdf,
Tamil Nadu,Typist,General Category,,01-04-2025,03-03-2025,541,14066,https://f1a40278-2118-4c25-abcb-b9aa5dc342d3.usrfiles.com/ugd/f1a402_abe15b5a75234dd7b56cf4b3ae1e383e.pdf,
Tamil Nadu,Typist,General Category,,01-04-2025,03-03-2025,538.19,13993,https://f1a40278-2118-4c25-abcb-b9aa5dc342d3.usrfiles.com/ugd/f1a402_abe15b5a75234dd7b56cf4b3ae1e383e.pdf,
Tamil Nadu,Typist,General Category,,01-04-2025,03-03-2025,535.85,13932,https://f1a40278-2118-4c25-abcb-b9aa5dc342d3.usrfiles.com/ugd/f1a402_abe15b5a75234dd7b56cf4b3ae1e383e.pdf,
Tamil Nadu,Stenographer,General Category,,01-04-2025,03-03-2025,543.92,14142,https://f1a40278-2118-4c25-abcb-b9aa5dc342d3.usrfiles.com/ugd/f1a402_abe15b5a75234dd7b56cf4b3ae1e383e.pdf,
Tamil Nadu,Stenographer,General Category,,01-04-2025,03-03-2025,541,14066,https://f1a40278-2118-4c25-abcb-b9aa5dc342d3.usrfiles.com/ugd/f1a402_abe15b5a75234dd7b56cf4b3ae1e383e.pdf,
Tamil Nadu,Stenographer,General Category,,01-04-2025,03-03-2025,538.19,13993,https://f1a40278-2118-4c25-abcb-b9aa5dc342d3.usrfiles.com/ugd/f1a402_abe15b5a75234dd7b56cf4b3ae1e383e.pdf,
Tamil Nadu,Stenographer,General Category,,01-04-2025,03-03-2025,535.85,13932,https://f1a40278-2118-4c25-abcb-b9aa5dc342d3.usrfiles.com/ugd/f1a402_abe15b5a75234dd7b56cf4b3ae1e383e.pdf,
Tamil Nadu,Salesman,General Category,,01-04-2025,03-03-2025,543.92,14142,https://f1a40278-2118-4c25-abcb-b9aa5dc342d3.usrfiles.com/ugd/f1a402_abe15b5a75234dd7b56cf4b3ae1e383e.pdf,
Tamil Nadu,Salesman,General Category,,01-04-2025,03-03-2025,541,14066,https://f1a40278-2118-4c25-abcb-b9aa5dc342d3.usrfiles.com/ugd/f1a402_abe15b5a75234dd7b56cf4b3ae1e383e.pdf,
Tamil Nadu,Salesman,General Category,,01-04-2025,03-03-2025,538.19,13993,https://f1a40278-2118-4c25-abcb-b9aa5dc342d3.usrfiles.com/ugd/f1a402_abe15b5a75234dd7b56cf4b3ae1e383e.pdf,
Tamil Nadu,Salesman,General Category,,01-04-2025,03-03-2025,535.85,13932,https://f1a40278-2118-4c25-abcb-b9aa5dc342d3.usrfiles.com/ugd/f1a402_abe15b5a75234dd7b56cf4b3ae1e383e.pdf,
Tamil Nadu,Sales Representative,General Category,,01-04-2025,03-03-2025,543.92,14142,https://f1a40278-2118-4c25-abcb-b9aa5dc342d3.usrfiles.com/ugd/f1a402_abe15b5a75234dd7b56cf4b3ae1e383e.pdf,
Tamil Nadu,Sales Representative,General Category,,01-04-2025,03-03-2025,541,14066,https://f1a40278-2118-4c25-abcb-b9aa5dc342d3.usrfiles.com/ugd/f1a402_abe15b5a75234dd7b56cf4b3ae1e383e.pdf,
Tamil Nadu,Sales Representative,General Category,,01-04-2025,03-03-2025,538.19,13993,https://f1a40278-2118-4c25-abcb-b9aa5dc342d3.usrfiles.com/ugd/f1a402_abe15b5a75234dd7b56cf4b3ae1e383e.pdf,
Tamil Nadu,Sales Representative,General Category,,01-04-2025,03-03-2025,535.85,13932,https://f1a40278-2118-4c25-abcb-b9aa5dc342d3.usrfiles.com/ugd/f1a402_abe15b5a75234dd7b56cf4b3ae1e383e.pdf,
Tamil Nadu,Auction Bidder,General Category,,01-04-2025,03-03-2025,543.92,14142,https://f1a40278-2118-4c25-abcb-b9aa5dc342d3.usrfiles.com/ugd/f1a402_abe15b5a75234dd7b56cf4b3ae1e383e.pdf,
Tamil Nadu,Auction Bidder,General Category,,01-04-2025,03-03-2025,541,14066,https://f1a40278-2118-4c25-abcb-b9aa5dc342d3.usrfiles.com/ugd/f1a402_abe15b5a75234dd7b56cf4b3ae1e383e.pdf,
Tamil Nadu,Auction Bidder,General Category,,01-04-2025,03-03-2025,538.19,13993,https://f1a40278-2118-4c25-abcb-b9aa5dc342d3.usrfiles.com/ugd/f1a402_abe15b5a75234dd7b56cf4b3ae1e383e.pdf,
Tamil Nadu,Auction Bidder,General Category,,01-04-2025,03-03-2025,535.85,13932,https://f1a40278-2118-4c25-abcb-b9aa5dc342d3.usrfiles.com/ugd/f1a402_abe15b5a75234dd7b56cf4b3ae1e383e.pdf,
Tamil Nadu,Tradesman,General Category,,01-04-2025,03-03-2025,543.92,14142,https://f1a40278-2118-4c25-abcb-b9aa5dc342d3.usrfiles.com/ugd/f1a402_abe15b5a75234dd7b56cf4b3ae1e383e.pdf,
Tamil Nadu,Tradesman,General Category,,01-04-2025,03-03-2025,541,14066,https://f1a40278-2118-4c25-abcb-b9aa5dc342d3.usrfiles.com/ugd/f1a402_abe15b5a75234dd7b56cf4b3ae1e383e.pdf,
Tamil Nadu,Tradesman,General Category,,01-04-2025,03-03-2025,538.19,13993,https://f1a40278-2118-4c25-abcb-b9aa5dc342d3.usrfiles.com/ugd/f1a402_abe15b5a75234dd7b56cf4b3ae1e383e.pdf,
Tamil Nadu,Tradesman,General Category,,01-04-2025,03-03-2025,535.85,13932,https://f1a40278-2118-4c25-abcb-b9aa5dc342d3.usrfiles.com/ugd/f1a402_abe15b5a75234dd7b56cf4b3ae1e383e.pdf,
Tamil Nadu,Bill writer,General Category,,01-04-2025,03-03-2025,543.92,14142,https://f1a40278-2118-4c25-abcb-b9aa5dc342d3.usrfiles.com/ugd/f1a402_abe15b5a75234dd7b56cf4b3ae1e383e.pdf,
Tamil Nadu,Bill writer,General Category,,01-04-2025,03-03-2025,541,14066,https://f1a40278-2118-4c25-abcb-b9aa5dc342d3.usrfiles.com/ugd/f1a402_abe15b5a75234dd7b56cf4b3ae1e383e.pdf,
Tamil Nadu,Bill writer,General Category,,01-04-2025,03-03-2025,538.19,13993,https://f1a40278-2118-4c25-abcb-b9aa5dc342d3.usrfiles.com/ugd/f1a402_abe15b5a75234dd7b56cf4b3ae1e383e.pdf,
Tamil Nadu,Bill writer,General Category,,01-04-2025,03-03-2025,535.85,13932,https://f1a40278-2118-4c25-abcb-b9aa5dc342d3.usrfiles.com/ugd/f1a402_abe15b5a75234dd7b56cf4b3ae1e383e.pdf,
Tamil Nadu,Bill Collector,General Category,,01-04-2025,03-03-2025,541.54,14080,https://f1a40278-2118-4c25-abcb-b9aa5dc342d3.usrfiles.com/ugd/f1a402_abe15b5a75234dd7b56cf4b3ae1e383e.pdf,
Tamil Nadu,Bill Collector,General Category,,01-04-2025,03-03-2025,538.62,14004,https://f1a40278-2118-4c25-abcb-b9aa5dc342d3.usrfiles.com/ugd/f1a402_abe15b5a75234dd7b56cf4b3ae1e383e.pdf,
Tamil Nadu,Bill Collector,General Category,,01-04-2025,03-03-2025,535.85,13932,https://f1a40278-2118-4c25-abcb-b9aa5dc342d3.usrfiles.com/ugd/f1a402_abe15b5a75234dd7b56cf4b3ae1e383e.pdf,
Tamil Nadu,Bill Collector,General Category,,01-04-2025,03-03-2025,533.31,13866,https://f1a40278-2118-4c25-abcb-b9aa5dc342d3.usrfiles.com/ugd/f1a402_abe15b5a75234dd7b56cf4b3ae1e383e.pdf,
Tamil Nadu,Booking Clerk,General Category,,01-04-2025,03-03-2025,541.54,14080,https://f1a40278-2118-4c25-abcb-b9aa5dc342d3.usrfiles.com/ugd/f1a402_abe15b5a75234dd7b56cf4b3ae1e383e.pdf,
Tamil Nadu,Booking Clerk,General Category,,01-04-2025,03-03-2025,538.62,14004,https://f1a40278-2118-4c25-abcb-b9aa5dc342d3.usrfiles.com/ugd/f1a402_abe15b5a75234dd7b56cf4b3ae1e383e.pdf,
Tamil Nadu,Booking Clerk,General Category,,01-04-2025,03-03-2025,535.85,13932,https://f1a40278-2118-4c25-abcb-b9aa5dc342d3.usrfiles.com/ugd/f1a402_abe15b5a75234dd7b56cf4b3ae1e383e.pdf,
Tamil Nadu,Booking Clerk,General Category,,01-04-2025,03-03-2025,533.31,13866,https://f1a40278-2118-4c25-abcb-b9aa5dc342d3.usrfiles.com/ugd/f1a402_abe15b5a75234dd7b56cf4b3ae1e383e.pdf,
Tamil Nadu,Bill clerk,General Category,,01-04-2025,03-03-2025,541.54,14080,https://f1a40278-2118-4c25-abcb-b9aa5dc342d3.usrfiles.com/ugd/f1a402_abe15b5a75234dd7b56cf4b3ae1e383e.pdf,
Tamil Nadu,Bill clerk,General Category,,01-04-2025,03-03-2025,538.62,14004,https://f1a40278-2118-4c25-abcb-b9aa5dc342d3.usrfiles.com/ugd/f1a402_abe15b5a75234dd7b56cf4b3ae1e383e.pdf,
Tamil Nadu,Bill clerk,General Category,,01-04-2025,03-03-2025,535.85,13932,https://f1a40278-2118-4c25-abcb-b9aa5dc342d3.usrfiles.com/ugd/f1a402_abe15b5a75234dd7b56cf4b3ae1e383e.pdf,
Tamil Nadu,Bill clerk,General Category,,01-04-2025,03-03-2025,533.31,13866,https://f1a40278-2118-4c25-abcb-b9aa5dc342d3.usrfiles.com/ugd/f1a402_abe15b5a75234dd7b56cf4b3ae1e383e.pdf,
Tamil Nadu,Godown Keeper,General Category,,01-04-2025,03-03-2025,541.54,14080,https://f1a40278-2118-4c25-abcb-b9aa5dc342d3.usrfiles.com/ugd/f1a402_abe15b5a75234dd7b56cf4b3ae1e383e.pdf,
Tamil Nadu,Godown Keeper,General Category,,01-04-2025,03-03-2025,538.62,14004,https://f1a40278-2118-4c25-abcb-b9aa5dc342d3.usrfiles.com/ugd/f1a402_abe15b5a75234dd7b56cf4b3ae1e383e.pdf,
Tamil Nadu,Godown Keeper,General Category,,01-04-2025,03-03-2025,535.85,13932,https://f1a40278-2118-4c25-abcb-b9aa5dc342d3.usrfiles.com/ugd/f1a402_abe15b5a75234dd7b56cf4b3ae1e383e.pdf,
Tamil Nadu,Godown Keeper,General Category,,01-04-2025,03-03-2025,533.31,13866,https://f1a40278-2118-4c25-abcb-b9aa5dc342d3.usrfiles.com/ugd/f1a402_abe15b5a75234dd7b56cf4b3ae1e383e.pdf,
Tamil Nadu,Asst Salesman,General Category,,01-04-2025,03-03-2025,541.54,14080,https://f1a40278-2118-4c25-abcb-b9aa5dc342d3.usrfiles.com/ugd/f1a402_abe15b5a75234dd7b56cf4b3ae1e383e.pdf,
Tamil Nadu,Asst Salesman,General Category,,01-04-2025,03-03-2025,538.62,14004,https://f1a40278-2118-4c25-abcb-b9aa5dc342d3.usrfiles.com/ugd/f1a402_abe15b5a75234dd7b56cf4b3ae1e383e.pdf,
Tamil Nadu,Asst Salesman,General Category,,01-04-2025,03-03-2025,535.85,13932,https://f1a40278-2118-4c25-abcb-b9aa5dc342d3.usrfiles.com/ugd/f1a402_abe15b5a75234dd7b56cf4b3ae1e383e.pdf,
Tamil Nadu,Asst Salesman,General Category,,01-04-2025,03-03-2025,533.31,13866,https://f1a40278-2118-4c25-abcb-b9aa5dc342d3.usrfiles.com/ugd/f1a402_abe15b5a75234dd7b56cf4b3ae1e383e.pdf,
Tamil Nadu,Godown in-charge,General Category,,01-04-2025,03-03-2025,541.54,14080,https://f1a40278-2118-4c25-abcb-b9aa5dc342d3.usrfiles.com/ugd/f1a402_abe15b5a75234dd7b56cf4b3ae1e383e.pdf,
Tamil Nadu,Godown in-charge,General Category,,01-04-2025,03-03-2025,538.62,14004,https://f1a40278-2118-4c25-abcb-b9aa5dc342d3.usrfiles.com/ugd/f1a402_abe15b5a75234dd7b56cf4b3ae1e383e.pdf,
Tamil Nadu,Godown in-charge,General Category,,01-04-2025,03-03-2025,535.85,13932,https://f1a40278-2118-4c25-abcb-b9aa5dc342d3.usrfiles.com/ugd/f1a402_abe15b5a75234dd7b56cf4b3ae1e383e.pdf,
Tamil Nadu,Godown in-charge,General Category,,01-04-2025,03-03-2025,533.31,13866,https://f1a40278-2118-4c25-abcb-b9aa5dc342d3.usrfiles.com/ugd/f1a402_abe15b5a75234dd7b56cf4b3ae1e383e.pdf,
Tamil Nadu,Accounts Assistant,General Category,,01-04-2025,03-03-2025,541.54,14080,https://f1a40278-2118-4c25-abcb-b9aa5dc342d3.usrfiles.com/ugd/f1a402_abe15b5a75234dd7b56cf4b3ae1e383e.pdf,
Tamil Nadu,Accounts Assistant,General Category,,01-04-2025,03-03-2025,538.62,14004,https://f1a40278-2118-4c25-abcb-b9aa5dc342d3.usrfiles.com/ugd/f1a402_abe15b5a75234dd7b56cf4b3ae1e383e.pdf,
Tamil Nadu,Accounts Assistant,General Category,,01-04-2025,03-03-2025,535.85,13932,https://f1a40278-2118-4c25-abcb-b9aa5dc342d3.usrfiles.com/ugd/f1a402_abe15b5a75234dd7b56cf4b3ae1e383e.pdf,
Tamil Nadu,Accounts Assistant,General Category,,01-04-2025,03-03-2025,533.31,13866,https://f1a40278-2118-4c25-abcb-b9aa5dc342d3.usrfiles.com/ugd/f1a402_abe15b5a75234dd7b56cf4b3ae1e383e.pdf,
Tamil Nadu,Receptionist,General Category,,01-04-2025,03-03-2025,541.54,14080,https://f1a40278-2118-4c25-abcb-b9aa5dc342d3.usrfiles.com/ugd/f1a402_abe15b5a75234dd7b56cf4b3ae1e383e.pdf,
Tamil Nadu,Receptionist,General Category,,01-04-2025,03-03-2025,538.62,14004,https://f1a40278-2118-4c25-abcb-b9aa5dc342d3.usrfiles.com/ugd/f1a402_abe15b5a75234dd7b56cf4b3ae1e383e.pdf,
Tamil Nadu,Receptionist,General Category,,01-04-2025,03-03-2025,535.85,13932,https://f1a40278-2118-4c25-abcb-b9aa5dc342d3.usrfiles.com/ugd/f1a402_abe15b5a75234dd7b56cf4b3ae1e383e.pdf,
Tamil Nadu,Receptionist,General Category,,01-04-2025,03-03-2025,533.31,13866,https://f1a40278-2118-4c25-abcb-b9aa5dc342d3.usrfiles.com/ugd/f1a402_abe15b5a75234dd7b56cf4b3ae1e383e.pdf,
Tamil Nadu,Lineman,General Category,,01-04-2025,03-03-2025,541.54,14080,https://f1a40278-2118-4c25-abcb-b9aa5dc342d3.usrfiles.com/ugd/f1a402_abe15b5a75234dd7b56cf4b3ae1e383e.pdf,
Tamil Nadu,Lineman,General Category,,01-04-2025,03-03-2025,538.62,14004,https://f1a40278-2118-4c25-abcb-b9aa5dc342d3.usrfiles.com/ugd/f1a402_abe15b5a75234dd7b56cf4b3ae1e383e.pdf,
Tamil Nadu,Lineman,General Category,,01-04-2025,03-03-2025,535.85,13932,https://f1a40278-2118-4c25-abcb-b9aa5dc342d3.usrfiles.com/ugd/f1a402_abe15b5a75234dd7b56cf4b3ae1e383e.pdf,
Tamil Nadu,Lineman,General Category,,01-04-2025,03-03-2025,533.31,13866,https://f1a40278-2118-4c25-abcb-b9aa5dc342d3.usrfiles.com/ugd/f1a402_abe15b5a75234dd7b56cf4b3ae1e383e.pdf,
Tamil Nadu,Tally clerk,General Category,,01-04-2025,03-03-2025,541.54,14080,https://f1a40278-2118-4c25-abcb-b9aa5dc342d3.usrfiles.com/ugd/f1a402_abe15b5a75234dd7b56cf4b3ae1e383e.pdf,
Tamil Nadu,Tally clerk,General Category,,01-04-2025,03-03-2025,538.62,14004,https://f1a40278-2118-4c25-abcb-b9aa5dc342d3.usrfiles.com/ugd/f1a402_abe15b5a75234dd7b56cf4b3ae1e383e.pdf,
Tamil Nadu,Tally clerk,General Category,,01-04-2025,03-03-2025,535.85,13932,https://f1a40278-2118-4c25-abcb-b9aa5dc342d3.usrfiles.com/ugd/f1a402_abe15b5a75234dd7b56cf4b3ae1e383e.pdf,
Tamil Nadu,Tally clerk,General Category,,01-04-2025,03-03-2025,533.31,13866,https://f1a40278-2118-4c25-abcb-b9aa5dc342d3.usrfiles.com/ugd/f1a402_abe15b5a75234dd7b56cf4b3ae1e383e.pdf,
Tamil Nadu,Weighman,General Category,,01-04-2025,03-03-2025,541.54,14080,https://f1a40278-2118-4c25-abcb-b9aa5dc342d3.usrfiles.com/ugd/f1a402_abe15b5a75234dd7b56cf4b3ae1e383e.pdf,
Tamil Nadu,Weighman,General Category,,01-04-2025,03-03-2025,538.62,14004,https://f1a40278-2118-4c25-abcb-b9aa5dc342d3.usrfiles.com/ugd/f1a402_abe15b5a75234dd7b56cf4b3ae1e383e.pdf,
Tamil Nadu,Weighman,General Category,,01-04-2025,03-03-2025,535.85,13932,https://f1a40278-2118-4c25-abcb-b9aa5dc342d3.usrfiles.com/ugd/f1a402_abe15b5a75234dd7b56cf4b3ae1e383e.pdf,
Tamil Nadu,Weighman,General Category,,01-04-2025,03-03-2025,533.31,13866,https://f1a40278-2118-4c25-abcb-b9aa5dc342d3.usrfiles.com/ugd/f1a402_abe15b5a75234dd7b56cf4b3ae1e383e.pdf,
Tamil Nadu,Security guard,General Category,,01-04-2025,03-03-2025,541.54,14080,https://f1a40278-2118-4c25-abcb-b9aa5dc342d3.usrfiles.com/ugd/f1a402_abe15b5a75234dd7b56cf4b3ae1e383e.pdf,
Tamil Nadu,Security guard,General Category,,01-04-2025,03-03-2025,538.62,14004,https://f1a40278-2118-4c25-abcb-b9aa5dc342d3.usrfiles.com/ugd/f1a402_abe15b5a75234dd7b56cf4b3ae1e383e.pdf,
Tamil Nadu,Security guard,General Category,,01-04-2025,03-03-2025,535.85,13932,https://f1a40278-2118-4c25-abcb-b9aa5dc342d3.usrfiles.com/ugd/f1a402_abe15b5a75234dd7b56cf4b3ae1e383e.pdf,
Tamil Nadu,Security guard,General Category,,01-04-2025,03-03-2025,533.31,13866,https://f1a40278-2118-4c25-abcb-b9aa5dc342d3.usrfiles.com/ugd/f1a402_abe15b5a75234dd7b56cf4b3ae1e383e.pdf,
Tamil Nadu,Driver,General Category,,01-04-2025,03-03-2025,541.54,14080,https://f1a40278-2118-4c25-abcb-b9aa5dc342d3.usrfiles.com/ugd/f1a402_abe15b5a75234dd7b56cf4b3ae1e383e.pdf,
Tamil Nadu,Driver,General Category,,01-04-2025,03-03-2025,538.62,14004,https://f1a40278-2118-4c25-abcb-b9aa5dc342d3.usrfiles.com/ugd/f1a402_abe15b5a75234dd7b56cf4b3ae1e383e.pdf,
Tamil Nadu,Driver,General Category,,01-04-2025,03-03-2025,535.85,13932,https://f1a40278-2118-4c25-abcb-b9aa5dc342d3.usrfiles.com/ugd/f1a402_abe15b5a75234dd7b56cf4b3ae1e383e.pdf,
Tamil Nadu,Driver,General Category,,01-04-2025,03-03-2025,533.31,13866,https://f1a40278-2118-4c25-abcb-b9aa5dc342d3.usrfiles.com/ugd/f1a402_abe15b5a75234dd7b56cf4b3ae1e383e.pdf,
Tamil Nadu,Peon,General Category,,01-04-2025,03-03-2025,538.62,14004,https://f1a40278-2118-4c25-abcb-b9aa5dc342d3.usrfiles.com/ugd/f1a402_abe15b5a75234dd7b56cf4b3ae1e383e.pdf,
Tamil Nadu,Peon,General Category,,01-04-2025,03-03-2025,535.85,13932,https://f1a40278-2118-4c25-abcb-b9aa5dc342d3.usrfiles.com/ugd/f1a402_abe15b5a75234dd7b56cf4b3ae1e383e.pdf,
Tamil Nadu,Peon,General Category,,01-04-2025,03-03-2025,532.85,13854,https://f1a40278-2118-4c25-abcb-b9aa5dc342d3.usrfiles.com/ugd/f1a402_abe15b5a75234dd7b56cf4b3ae1e383e.pdf,
Tamil Nadu,Peon,General Category,,01-04-2025,03-03-2025,530.12,13783,https://f1a40278-2118-4c25-abcb-b9aa5dc342d3.usrfiles.com/ugd/f1a402_abe15b5a75234dd7b56cf4b3ae1e383e.pdf,
Tamil Nadu,Watchman,General Category,,01-04-2025,03-03-2025,538.62,14004,https://f1a40278-2118-4c25-abcb-b9aa5dc342d3.usrfiles.com/ugd/f1a402_abe15b5a75234dd7b56cf4b3ae1e383e.pdf,
Tamil Nadu,Watchman,General Category,,01-04-2025,03-03-2025,535.85,13932,https://f1a40278-2118-4c25-abcb-b9aa5dc342d3.usrfiles.com/ugd/f1a402_abe15b5a75234dd7b56cf4b3ae1e383e.pdf,
Tamil Nadu,Watchman,General Category,,01-04-2025,03-03-2025,532.85,13854,https://f1a40278-2118-4c25-abcb-b9aa5dc342d3.usrfiles.com/ugd/f1a402_abe15b5a75234dd7b56cf4b3ae1e383e.pdf,
Tamil Nadu,Watchman,General Category,,01-04-2025,03-03-2025,530.12,13783,https://f1a40278-2118-4c25-abcb-b9aa5dc342d3.usrfiles.com/ugd/f1a402_abe15b5a75234dd7b56cf4b3ae1e383e.pdf,
Tamil Nadu,Shop Assistant,General Category,,01-04-2025,03-03-2025,538.62,14004,https://f1a40278-2118-4c25-abcb-b9aa5dc342d3.usrfiles.com/ugd/f1a402_abe15b5a75234dd7b56cf4b3ae1e383e.pdf,
Tamil Nadu,Shop Assistant,General Category,,01-04-2025,03-03-2025,535.85,13932,https://f1a40278-2118-4c25-abcb-b9aa5dc342d3.usrfiles.com/ugd/f1a402_abe15b5a75234dd7b56cf4b3ae1e383e.pdf,
Tamil Nadu,Shop Assistant,General Category,,01-04-2025,03-03-2025,532.85,13854,https://f1a40278-2118-4c25-abcb-b9aa5dc342d3.usrfiles.com/ugd/f1a402_abe15b5a75234dd7b56cf4b3ae1e383e.pdf,
Tamil Nadu,Shop Assistant,General Category,,01-04-2025,03-03-2025,530.12,13783,https://f1a40278-2118-4c25-abcb-b9aa5dc342d3.usrfiles.com/ugd/f1a402_abe15b5a75234dd7b56cf4b3ae1e383e.pdf,
Tamil Nadu,Helper,General Category,,01-04-2025,03-03-2025,538.62,14004,https://f1a40278-2118-4c25-abcb-b9aa5dc342d3.usrfiles.com/ugd/f1a402_abe15b5a75234dd7b56cf4b3ae1e383e.pdf,
Tamil Nadu,Helper,General Category,,01-04-2025,03-03-2025,535.85,13932,https://f1a40278-2118-4c25-abcb-b9aa5dc342d3.usrfiles.com/ugd/f1a402_abe15b5a75234dd7b56cf4b3ae1e383e.pdf,
Tamil Nadu,Helper,General Category,,01-04-2025,03-03-2025,532.85,13854,https://f1a40278-2118-4c25-abcb-b9aa5dc342d3.usrfiles.com/ugd/f1a402_abe15b5a75234dd7b56cf4b3ae1e383e.pdf,
Tamil Nadu,Helper,General Category,,01-04-2025,03-03-2025,530.12,13783,https://f1a40278-2118-4c25-abcb-b9aa5dc342d3.usrfiles.com/ugd/f1a402_abe15b5a75234dd7b56cf4b3ae1e383e.pdf,
Tamil Nadu,Packer,General Category,,01-04-2025,03-03-2025,538.62,14004,https://f1a40278-2118-4c25-abcb-b9aa5dc342d3.usrfiles.com/ugd/f1a402_abe15b5a75234dd7b56cf4b3ae1e383e.pdf,
Tamil Nadu,Packer,General Category,,01-04-2025,03-03-2025,535.85,13932,https://f1a40278-2118-4c25-abcb-b9aa5dc342d3.usrfiles.com/ugd/f1a402_abe15b5a75234dd7b56cf4b3ae1e383e.pdf,
Tamil Nadu,Packer,General Category,,01-04-2025,03-03-2025,532.85,13854,https://f1a40278-2118-4c25-abcb-b9aa5dc342d3.usrfiles.com/ugd/f1a402_abe15b5a75234dd7b56cf4b3ae1e383e.pdf,
Tamil Nadu,Packer,General Category,,01-04-2025,03-03-2025,530.12,13783,https://f1a40278-2118-4c25-abcb-b9aa5dc342d3.usrfiles.com/ugd/f1a402_abe15b5a75234dd7b56cf4b3ae1e383e.pdf,
Tamil Nadu,Attender,General Category,,01-04-2025,03-03-2025,538.62,14004,https://f1a40278-2118-4c25-abcb-b9aa5dc342d3.usrfiles.com/ugd/f1a402_abe15b5a75234dd7b56cf4b3ae1e383e.pdf,
Tamil Nadu,Attender,General Category,,01-04-2025,03-03-2025,535.85,13932,https://f1a40278-2118-4c25-abcb-b9aa5dc342d3.usrfiles.com/ugd/f1a402_abe15b5a75234dd7b56cf4b3ae1e383e.pdf,
Tamil Nadu,Attender,General Category,,01-04-2025,03-03-2025,532.85,13854,https://f1a40278-2118-4c25-abcb-b9aa5dc342d3.usrfiles.com/ugd/f1a402_abe15b5a75234dd7b56cf4b3ae1e383e.pdf,
Tamil Nadu,Attender,General Category,,01-04-2025,03-03-2025,530.12,13783,https://f1a40278-2118-4c25-abcb-b9aa5dc342d3.usrfiles.com/ugd/f1a402_abe15b5a75234dd7b56cf4b3ae1e383e.pdf,
Tamil Nadu,Delivery boy,General Category,,01-04-2025,03-03-2025,538.62,14004,https://f1a40278-2118-4c25-abcb-b9aa5dc342d3.usrfiles.com/ugd/f1a402_abe15b5a75234dd7b56cf4b3ae1e383e.pdf,
Tamil Nadu,Delivery boy,General Category,,01-04-2025,03-03-2025,535.85,13932,https://f1a40278-2118-4c25-abcb-b9aa5dc342d3.usrfiles.com/ugd/f1a402_abe15b5a75234dd7b56cf4b3ae1e383e.pdf,
Tamil Nadu,Delivery boy,General Category,,01-04-2025,03-03-2025,532.85,13854,https://f1a40278-2118-4c25-abcb-b9aa5dc342d3.usrfiles.com/ugd/f1a402_abe15b5a75234dd7b56cf4b3ae1e383e.pdf,
Tamil Nadu,Delivery boy,General Category,,01-04-2025,03-03-2025,530.12,13783,https://f1a40278-2118-4c25-abcb-b9aa5dc342d3.usrfiles.com/ugd/f1a402_abe15b5a75234dd7b56cf4b3ae1e383e.pdf,
Tamil Nadu,Messenger,General Category,,01-04-2025,03-03-2025,538.62,14004,https://f1a40278-2118-4c25-abcb-b9aa5dc342d3.usrfiles.com/ugd/f1a402_abe15b5a75234dd7b56cf4b3ae1e383e.pdf,
Tamil Nadu,Messenger,General Category,,01-04-2025,03-03-2025,535.85,13932,https://f1a40278-2118-4c25-abcb-b9aa5dc342d3.usrfiles.com/ugd/f1a402_abe15b5a75234dd7b56cf4b3ae1e383e.pdf,
Tamil Nadu,Messenger,General Category,,01-04-2025,03-03-2025,532.85,13854,https://f1a40278-2118-4c25-abcb-b9aa5dc342d3.usrfiles.com/ugd/f1a402_abe15b5a75234dd7b56cf4b3ae1e383e.pdf,
Tamil Nadu,Messenger,General Category,,01-04-2025,03-03-2025,530.12,13783,https://f1a40278-2118-4c25-abcb-b9aa5dc342d3.usrfiles.com/ugd/f1a402_abe15b5a75234dd7b56cf4b3ae1e383e.pdf,
Tamil Nadu,Lift Operator,General Category,,01-04-2025,03-03-2025,538.62,14004,https://f1a40278-2118-4c25-abcb-b9aa5dc342d3.usrfiles.com/ugd/f1a402_abe15b5a75234dd7b56cf4b3ae1e383e.pdf,
Tamil Nadu,Lift Operator,General Category,,01-04-2025,03-03-2025,535.85,13932,https://f1a40278-2118-4c25-abcb-b9aa5dc342d3.usrfiles.com/ugd/f1a402_abe15b5a75234dd7b56cf4b3ae1e383e.pdf,
Tamil Nadu,Lift Operator,General Category,,01-04-2025,03-03-2025,532.85,13854,https://f1a40278-2118-4c25-abcb-b9aa5dc342d3.usrfiles.com/ugd/f1a402_abe15b5a75234dd7b56cf4b3ae1e383e.pdf,
Tamil Nadu,Lift Operator,General Category,,01-04-2025,03-03-2025,530.12,13783,https://f1a40278-2118-4c25-abcb-b9aa5dc342d3.usrfiles.com/ugd/f1a402_abe15b5a75234dd7b56cf4b3ae1e383e.pdf,
Tamil Nadu,Shop boy,General Category,,01-04-2025,03-03-2025,538.62,14004,https://f1a40278-2118-4c25-abcb-b9aa5dc342d3.usrfiles.com/ugd/f1a402_abe15b5a75234dd7b56cf4b3ae1e383e.pdf,
Tamil Nadu,Shop boy,General Category,,01-04-2025,03-03-2025,535.85,13932,https://f1a40278-2118-4c25-abcb-b9aa5dc342d3.usrfiles.com/ugd/f1a402_abe15b5a75234dd7b56cf4b3ae1e383e.pdf,
Tamil Nadu,Shop boy,General Category,,01-04-2025,03-03-2025,532.85,13854,https://f1a40278-2118-4c25-abcb-b9aa5dc342d3.usrfiles.com/ugd/f1a402_abe15b5a75234dd7b56cf4b3ae1e383e.pdf,
Tamil Nadu,Shop boy,General Category,,01-04-2025,03-03-2025,530.12,13783,https://f1a40278-2118-4c25-abcb-b9aa5dc342d3.usrfiles.com/ugd/f1a402_abe15b5a75234dd7b56cf4b3ae1e383e.pdf,
Tamil Nadu,Water boy,General Category,,01-04-2025,03-03-2025,538.62,14004,https://f1a40278-2118-4c25-abcb-b9aa5dc342d3.usrfiles.com/ugd/f1a402_abe15b5a75234dd7b56cf4b3ae1e383e.pdf,
Tamil Nadu,Water boy,General Category,,01-04-2025,03-03-2025,535.85,13932,https://f1a40278-2118-4c25-abcb-b9aa5dc342d3.usrfiles.com/ugd/f1a402_abe15b5a75234dd7b56cf4b3ae1e383e.pdf,
Tamil Nadu,Water boy,General Category,,01-04-2025,03-03-2025,532.85,13854,https://f1a40278-2118-4c25-abcb-b9aa5dc342d3.usrfiles.com/ugd/f1a402_abe15b5a75234dd7b56cf4b3ae1e383e.pdf,
Tamil Nadu,Water boy,General Category,,01-04-2025,03-03-2025,530.12,13783,https://f1a40278-2118-4c25-abcb-b9aa5dc342d3.usrfiles.com/ugd/f1a402_abe15b5a75234dd7b56cf4b3ae1e383e.pdf,
Tamil Nadu,Sweeper,General Category,,01-04-2025,03-03-2025,538.62,14004,https://f1a40278-2118-4c25-abcb-b9aa5dc342d3.usrfiles.com/ugd/f1a402_abe15b5a75234dd7b56cf4b3ae1e383e.pdf,
Tamil Nadu,Sweeper,General Category,,01-04-2025,03-03-2025,535.85,13932,https://f1a40278-2118-4c25-abcb-b9aa5dc342d3.usrfiles.com/ugd/f1a402_abe15b5a75234dd7b56cf4b3ae1e383e.pdf,
Tamil Nadu,Sweeper,General Category,,01-04-2025,03-03-2025,532.85,13854,https://f1a40278-2118-4c25-abcb-b9aa5dc342d3.usrfiles.com/ugd/f1a402_abe15b5a75234dd7b56cf4b3ae1e383e.pdf,
Tamil Nadu,Sweeper,General Category,,01-04-2025,03-03-2025,530.12,13783,https://f1a40278-2118-4c25-abcb-b9aa5dc342d3.usrfiles.com/ugd/f1a402_abe15b5a75234dd7b56cf4b3ae1e383e.pdf,
Tamil Nadu,Gardner,General Category,,01-04-2025,03-03-2025,538.62,14004,https://f1a40278-2118-4c25-abcb-b9aa5dc342d3.usrfiles.com/ugd/f1a402_abe15b5a75234dd7b56cf4b3ae1e383e.pdf,
Tamil Nadu,Gardner,General Category,,01-04-2025,03-03-2025,535.85,13932,https://f1a40278-2118-4c25-abcb-b9aa5dc342d3.usrfiles.com/ugd/f1a402_abe15b5a75234dd7b56cf4b3ae1e383e.pdf,
Tamil Nadu,Gardner,General Category,,01-04-2025,03-03-2025,532.85,13854,https://f1a40278-2118-4c25-abcb-b9aa5dc342d3.usrfiles.com/ugd/f1a402_abe15b5a75234dd7b56cf4b3ae1e383e.pdf,
Tamil Nadu,Gardner,General Category,,01-04-2025,03-03-2025,530.12,13783,https://f1a40278-2118-4c25-abcb-b9aa5dc342d3.usrfiles.com/ugd/f1a402_abe15b5a75234dd7b56cf4b3ae1e383e.pdf,
Tamil Nadu,Scavenger,General Category,,01-04-2025,03-03-2025,538.62,14004,https://f1a40278-2118-4c25-abcb-b9aa5dc342d3.usrfiles.com/ugd/f1a402_abe15b5a75234dd7b56cf4b3ae1e383e.pdf,
Tamil Nadu,Scavenger,General Category,,01-04-2025,03-03-2025,535.85,13932,https://f1a40278-2118-4c25-abcb-b9aa5dc342d3.usrfiles.com/ugd/f1a402_abe15b5a75234dd7b56cf4b3ae1e383e.pdf,
Tamil Nadu,Scavenger,General Category,,01-04-2025,03-03-2025,532.85,13854,https://f1a40278-2118-4c25-abcb-b9aa5dc342d3.usrfiles.com/ugd/f1a402_abe15b5a75234dd7b56cf4b3ae1e383e.pdf,
Tamil Nadu,Scavenger,General Category,,01-04-2025,03-03-2025,530.12,13783,https://f1a40278-2118-4c25-abcb-b9aa5dc342d3.usrfiles.com/ugd/f1a402_abe15b5a75234dd7b56cf4b3ae1e383e.pdf,
Tamil Nadu,Pharmacist,Special Categories,Chemist and Druggist Shops,01-04-2025,03-03-2025,565.5,14703,https://f1a40278-2118-4c25-abcb-b9aa5dc342d3.usrfiles.com/ugd/f1a402_abe15b5a75234dd7b56cf4b3ae1e383e.pdf,
Tamil Nadu,Pharmacist,Special Categories,Chemist and Druggist Shops,01-04-2025,03-03-2025,563.12,14641,https://f1a40278-2118-4c25-abcb-b9aa5dc342d3.usrfiles.com/ugd/f1a402_abe15b5a75234dd7b56cf4b3ae1e383e.pdf,
Tamil Nadu,Pharmacist,Special Categories,Chemist and Druggist Shops,01-04-2025,03-03-2025,560.65,14577,https://f1a40278-2118-4c25-abcb-b9aa5dc342d3.usrfiles.com/ugd/f1a402_abe15b5a75234dd7b56cf4b3ae1e383e.pdf,
Tamil Nadu,Pharmacist,Special Categories,Chemist and Druggist Shops,01-04-2025,03-03-2025,558.73,14527,https://f1a40278-2118-4c25-abcb-b9aa5dc342d3.usrfiles.com/ugd/f1a402_abe15b5a75234dd7b56cf4b3ae1e383e.pdf,
Tamil Nadu,Chemist,Special Categories,Chemist and Druggist Shops,01-04-2025,03-03-2025,565.5,14703,https://f1a40278-2118-4c25-abcb-b9aa5dc342d3.usrfiles.com/ugd/f1a402_abe15b5a75234dd7b56cf4b3ae1e383e.pdf,
Tamil Nadu,Chemist,Special Categories,Chemist and Druggist Shops,01-04-2025,03-03-2025,563.12,14641,https://f1a40278-2118-4c25-abcb-b9aa5dc342d3.usrfiles.com/ugd/f1a402_abe15b5a75234dd7b56cf4b3ae1e383e.pdf,
Tamil Nadu,Chemist,Special Categories,Chemist and Druggist Shops,01-04-2025,03-03-2025,560.65,14577,https://f1a40278-2118-4c25-abcb-b9aa5dc342d3.usrfiles.com/ugd/f1a402_abe15b5a75234dd7b56cf4b3ae1e383e.pdf,
Tamil Nadu,Chemist,Special Categories,Chemist and Druggist Shops,01-04-2025,03-03-2025,558.73,14527,https://f1a40278-2118-4c25-abcb-b9aa5dc342d3.usrfiles.com/ugd/f1a402_abe15b5a75234dd7b56cf4b3ae1e383e.pdf,
Tamil Nadu,Compounder,Special Categories,Chemist and Druggist Shops,01-04-2025,03-03-2025,543.92,14142,https://f1a40278-2118-4c25-abcb-b9aa5dc342d3.usrfiles.com/ugd/f1a402_abe15b5a75234dd7b56cf4b3ae1e383e.pdf,
Tamil Nadu,Compounder,Special Categories,Chemist and Druggist Shops,01-04-2025,03-03-2025,541,14066,https://f1a40278-2118-4c25-abcb-b9aa5dc342d3.usrfiles.com/ugd/f1a402_abe15b5a75234dd7b56cf4b3ae1e383e.pdf,
Tamil Nadu,Compounder,Special Categories,Chemist and Druggist Shops,01-04-2025,03-03-2025,538.19,13993,https://f1a40278-2118-4c25-abcb-b9aa5dc342d3.usrfiles.com/ugd/f1a402_abe15b5a75234dd7b56cf4b3ae1e383e.pdf,
Tamil Nadu,Compounder,Special Categories,Chemist and Druggist Shops,01-04-2025,03-03-2025,535.85,13932,https://f1a40278-2118-4c25-abcb-b9aa5dc342d3.usrfiles.com/ugd/f1a402_abe15b5a75234dd7b56cf4b3ae1e383e.pdf,
Tamil Nadu,Hair Dresser,Special Categories,Hair Dressing Saloon/Beauty Parlour,01-04-2025,03-03-2025,545.88,14193,https://f1a40278-2118-4c25-abcb-b9aa5dc342d3.usrfiles.com/ugd/f1a402_abe15b5a75234dd7b56cf4b3ae1e383e.pdf,
Tamil Nadu,Hair Dresser,Special Categories,Hair Dressing Saloon/Beauty Parlour,01-04-2025,03-03-2025,543.38,14128,https://f1a40278-2118-4c25-abcb-b9aa5dc342d3.usrfiles.com/ugd/f1a402_abe15b5a75234dd7b56cf4b3ae1e383e.pdf,
Tamil Nadu,Hair Dresser,Special Categories,Hair Dressing Saloon/Beauty Parlour,01-04-2025,03-03-2025,541,14066,https://f1a40278-2118-4c25-abcb-b9aa5dc342d3.usrfiles.com/ugd/f1a402_abe15b5a75234dd7b56cf4b3ae1e383e.pdf,
Tamil Nadu,Hair Dresser,Special Categories,Hair Dressing Saloon/Beauty Parlour,01-04-2025,03-03-2025,538,13988,https://f1a40278-2118-4c25-abcb-b9aa5dc342d3.usrfiles.com/ugd/f1a402_abe15b5a75234dd7b56cf4b3ae1e383e.pdf,
Tamil Nadu,Hair Cutter,Special Categories,Hair Dressing Saloon/Beauty Parlour,01-04-2025,03-03-2025,545.88,14193,https://f1a40278-2118-4c25-abcb-b9aa5dc342d3.usrfiles.com/ugd/f1a402_abe15b5a75234dd7b56cf4b3ae1e383e.pdf,
Tamil Nadu,Hair Cutter,Special Categories,Hair Dressing Saloon/Beauty Parlour,01-04-2025,03-03-2025,543.38,14128,https://f1a40278-2118-4c25-abcb-b9aa5dc342d3.usrfiles.com/ugd/f1a402_abe15b5a75234dd7b56cf4b3ae1e383e.pdf,
Tamil Nadu,Hair Cutter,Special Categories,Hair Dressing Saloon/Beauty Parlour,01-04-2025,03-03-2025,541,14066,https://f1a40278-2118-4c25-abcb-b9aa5dc342d3.usrfiles.com/ugd/f1a402_abe15b5a75234dd7b56cf4b3ae1e383e.pdf,
Tamil Nadu,Hair Cutter,Special Categories,Hair Dressing Saloon/Beauty Parlour,01-04-2025,03-03-2025,538,13988,https://f1a40278-2118-4c25-abcb-b9aa5dc342d3.usrfiles.com/ugd/f1a402_abe15b5a75234dd7b56cf4b3ae1e383e.pdf,
Tamil Nadu,Beautician,Special Categories,Hair Dressing Saloon/Beauty Parlour,01-04-2025,03-03-2025,545.88,14193,https://f1a40278-2118-4c25-abcb-b9aa5dc342d3.usrfiles.com/ugd/f1a402_abe15b5a75234dd7b56cf4b3ae1e383e.pdf,
Tamil Nadu,Beautician,Special Categories,Hair Dressing Saloon/Beauty Parlour,01-04-2025,03-03-2025,543.38,14128,https://f1a40278-2118-4c25-abcb-b9aa5dc342d3.usrfiles.com/ugd/f1a402_abe15b5a75234dd7b56cf4b3ae1e383e.pdf,
Tamil Nadu,Beautician,Special Categories,Hair Dressing Saloon/Beauty Parlour,01-04-2025,03-03-2025,541,14066,https://f1a40278-2118-4c25-abcb-b9aa5dc342d3.usrfiles.com/ugd/f1a402_abe15b5a75234dd7b56cf4b3ae1e383e.pdf,
Tamil Nadu,Beautician,Special Categories,Hair Dressing Saloon/Beauty Parlour,01-04-2025,03-03-2025,538,13988,https://f1a40278-2118-4c25-abcb-b9aa5dc342d3.usrfiles.com/ugd/f1a402_abe15b5a75234dd7b56cf4b3ae1e383e.pdf,
Tamil Nadu,Photographer,Special Categories,Photo Studios,01-04-2025,03-03-2025,543.92,14142,https://f1a40278-2118-4c25-abcb-b9aa5dc342d3.usrfiles.com/ugd/f1a402_abe15b5a75234dd7b56cf4b3ae1e383e.pdf,
Tamil Nadu,Photographer,Special Categories,Photo Studios,01-04-2025,03-03-2025,541,14066,https://f1a40278-2118-4c25-abcb-b9aa5dc342d3.usrfiles.com/ugd/f1a402_abe15b5a75234dd7b56cf4b3ae1e383e.pdf,
Tamil Nadu,Photographer,Special Categories,Photo Studios,01-04-2025,03-03-2025,538.19,13993,https://f1a40278-2118-4c25-abcb-b9aa5dc342d3.usrfiles.com/ugd/f1a402_abe15b5a75234dd7b56cf4b3ae1e383e.pdf,
Tamil Nadu,Photographer,Special Categories,Photo Studios,01-04-2025,03-03-2025,535.85,13932,https://f1a40278-2118-4c25-abcb-b9aa5dc342d3.usrfiles.com/ugd/f1a402_abe15b5a75234dd7b56cf4b3ae1e383e.pdf,
Tamil Nadu,Photo Artist,Special Categories,Photo Studios,01-04-2025,03-03-2025,543.92,14142,https://f1a40278-2118-4c25-abcb-b9aa5dc342d3.usrfiles.com/ugd/f1a402_abe15b5a75234dd7b56cf4b3ae1e383e.pdf,
Tamil Nadu,Photo Artist,Special Categories,Photo Studios,01-04-2025,03-03-2025,541,14066,https://f1a40278-2118-4c25-abcb-b9aa5dc342d3.usrfiles.com/ugd/f1a402_abe15b5a75234dd7b56cf4b3ae1e383e.pdf,
Tamil Nadu,Photo Artist,Special Categories,Photo Studios,01-04-2025,03-03-2025,538.19,13993,https://f1a40278-2118-4c25-abcb-b9aa5dc342d3.usrfiles.com/ugd/f1a402_abe15b5a75234dd7b56cf4b3ae1e383e.pdf,
Tamil Nadu,Photo Artist,Special Categories,Photo Studios,01-04-2025,03-03-2025,535.85,13932,https://f1a40278-2118-4c25-abcb-b9aa5dc342d3.usrfiles.com/ugd/f1a402_abe15b5a75234dd7b56cf4b3ae1e383e.pdf,
Tamil Nadu,Assistant Photo Artist,Special Categories,Photo Studios,01-04-2025,03-03-2025,541.54,14080,https://f1a40278-2118-4c25-abcb-b9aa5dc342d3.usrfiles.com/ugd/f1a402_abe15b5a75234dd7b56cf4b3ae1e383e.pdf,
Tamil Nadu,Assistant Photo Artist,Special Categories,Photo Studios,01-04-2025,03-03-2025,538.62,14004,https://f1a40278-2118-4c25-abcb-b9aa5dc342d3.usrfiles.com/ugd/f1a402_abe15b5a75234dd7b56cf4b3ae1e383e.pdf,
Tamil Nadu,Assistant Photo Artist,Special Categories,Photo Studios,01-04-2025,03-03-2025,535.85,13932,https://f1a40278-2118-4c25-abcb-b9aa5dc342d3.usrfiles.com/ugd/f1a402_abe15b5a75234dd7b56cf4b3ae1e383e.pdf,
Tamil Nadu,Assistant Photo Artist,Special Categories,Photo Studios,01-04-2025,03-03-2025,533.31,13866,https://f1a40278-2118-4c25-abcb-b9aa5dc342d3.usrfiles.com/ugd/f1a402_abe15b5a75234dd7b56cf4b3ae1e383e.pdf,
Tamil Nadu,Assistant Photographer,Special Categories,Photo Studios,01-04-2025,03-03-2025,541.54,14080,https://f1a40278-2118-4c25-abcb-b9aa5dc342d3.usrfiles.com/ugd/f1a402_abe15b5a75234dd7b56cf4b3ae1e383e.pdf,
Tamil Nadu,Assistant Photographer,Special Categories,Photo Studios,01-04-2025,03-03-2025,538.62,14004,https://f1a40278-2118-4c25-abcb-b9aa5dc342d3.usrfiles.com/ugd/f1a402_abe15b5a75234dd7b56cf4b3ae1e383e.pdf,
Tamil Nadu,Assistant Photographer,Special Categories,Photo Studios,01-04-2025,03-03-2025,535.85,13932,https://f1a40278-2118-4c25-abcb-b9aa5dc342d3.usrfiles.com/ugd/f1a402_abe15b5a75234dd7b56cf4b3ae1e383e.pdf,
Tamil Nadu,Assistant Photographer,Special Categories,Photo Studios,01-04-2025,03-03-2025,533.31,13866,https://f1a40278-2118-4c25-abcb-b9aa5dc342d3.usrfiles.com/ugd/f1a402_abe15b5a75234dd7b56cf4b3ae1e383e.pdf,
Tamil Nadu,Watch Mechanic,Special Categories,Service shops (Watch/Radio/Bicycle),01-04-2025,03-03-2025,545.88,14193,https://f1a40278-2118-4c25-abcb-b9aa5dc342d3.usrfiles.com/ugd/f1a402_abe15b5a75234dd7b56cf4b3ae1e383e.pdf,
Tamil Nadu,Watch Mechanic,Special Categories,Service shops (Watch/Radio/Bicycle),01-04-2025,03-03-2025,543.38,14128,https://f1a40278-2118-4c25-abcb-b9aa5dc342d3.usrfiles.com/ugd/f1a402_abe15b5a75234dd7b56cf4b3ae1e383e.pdf,
Tamil Nadu,Watch Mechanic,Special Categories,Service shops (Watch/Radio/Bicycle),01-04-2025,03-03-2025,541,14066,https://f1a40278-2118-4c25-abcb-b9aa5dc342d3.usrfiles.com/ugd/f1a402_abe15b5a75234dd7b56cf4b3ae1e383e.pdf,
Tamil Nadu,Watch Mechanic,Special Categories,Service shops (Watch/Radio/Bicycle),01-04-2025,03-03-2025,538.62,14004,https://f1a40278-2118-4c25-abcb-b9aa5dc342d3.usrfiles.com/ugd/f1a402_abe15b5a75234dd7b56cf4b3ae1e383e.pdf,
Tamil Nadu,Radio Mechanic/Repairer,Special Categories,Service shops (Watch/Radio/Bicycle),01-04-2025,03-03-2025,545.88,14193,https://f1a40278-2118-4c25-abcb-b9aa5dc342d3.usrfiles.com/ugd/f1a402_abe15b5a75234dd7b56cf4b3ae1e383e.pdf,
Tamil Nadu,Radio Mechanic/Repairer,Special Categories,Service shops (Watch/Radio/Bicycle),01-04-2025,03-03-2025,543.38,14128,https://f1a40278-2118-4c25-abcb-b9aa5dc342d3.usrfiles.com/ugd/f1a402_abe15b5a75234dd7b56cf4b3ae1e383e.pdf,
Tamil Nadu,Radio Mechanic/Repairer,Special Categories,Service shops (Watch/Radio/Bicycle),01-04-2025,03-03-2025,541,14066,https://f1a40278-2118-4c25-abcb-b9aa5dc342d3.usrfiles.com/ugd/f1a402_abe15b5a75234dd7b56cf4b3ae1e383e.pdf,
Tamil Nadu,Radio Mechanic/Repairer,Special Categories,Service shops (Watch/Radio/Bicycle),01-04-2025,03-03-2025,538.62,14004,https://f1a40278-2118-4c25-abcb-b9aa5dc342d3.usrfiles.com/ugd/f1a402_abe15b5a75234dd7b56cf4b3ae1e383e.pdf,
Tamil Nadu,Audio and Video Mechanic/Repairer,Special Categories,Service shops (Watch/Radio/Bicycle),01-04-2025,03-03-2025,545.88,14193,https://f1a40278-2118-4c25-abcb-b9aa5dc342d3.usrfiles.com/ugd/f1a402_abe15b5a75234dd7b56cf4b3ae1e383e.pdf,
Tamil Nadu,Audio and Video Mechanic/Repairer,Special Categories,Service shops (Watch/Radio/Bicycle),01-04-2025,03-03-2025,543.38,14128,https://f1a40278-2118-4c25-abcb-b9aa5dc342d3.usrfiles.com/ugd/f1a402_abe15b5a75234dd7b56cf4b3ae1e383e.pdf,
Tamil Nadu,Audio and Video Mechanic/Repairer,Special Categories,Service shops (Watch/Radio/Bicycle),01-04-2025,03-03-2025,541,14066,https://f1a40278-2118-4c25-abcb-b9aa5dc342d3.usrfiles.com/ugd/f1a402_abe15b5a75234dd7b56cf4b3ae1e383e.pdf,
Tamil Nadu,Audio and Video Mechanic/Repairer,Special Categories,Service shops (Watch/Radio/Bicycle),01-04-2025,03-03-2025,538.62,14004,https://f1a40278-2118-4c25-abcb-b9aa5dc342d3.usrfiles.com/ugd/f1a402_abe15b5a75234dd7b56cf4b3ae1e383e.pdf,
Tamil Nadu,Bicycle Fitter,Special Categories,Service shops (Watch/Radio/Bicycle),01-04-2025,03-03-2025,538.62,14004,https://f1a40278-2118-4c25-abcb-b9aa5dc342d3.usrfiles.com/ugd/f1a402_abe15b5a75234dd7b56cf4b3ae1e383e.pdf,
Tamil Nadu,Bicycle Fitter,Special Categories,Service shops (Watch/Radio/Bicycle),01-04-2025,03-03-2025,535.85,13932,https://f1a40278-2118-4c25-abcb-b9aa5dc342d3.usrfiles.com/ugd/f1a402_abe15b5a75234dd7b56cf4b3ae1e383e.pdf,
Tamil Nadu,Bicycle Fitter,Special Categories,Service shops (Watch/Radio/Bicycle),01-04-2025,03-03-2025,532.85,13854,https://f1a40278-2118-4c25-abcb-b9aa5dc342d3.usrfiles.com/ugd/f1a402_abe15b5a75234dd7b56cf4b3ae1e383e.pdf,
Tamil Nadu,Bicycle Fitter,Special Categories,Service shops (Watch/Radio/Bicycle),01-04-2025,03-03-2025,530.12,13783,https://f1a40278-2118-4c25-abcb-b9aa5dc342d3.usrfiles.com/ugd/f1a402_abe15b5a75234dd7b56cf4b3ae1e383e.pdf,
Tamil Nadu,Optical Mechanic/Grinder/Purchaser,Special Categories,Optical shops,01-04-2025,03-03-2025,545.88,14193,https://f1a40278-2118-4c25-abcb-b9aa5dc342d3.usrfiles.com/ugd/f1a402_abe15b5a75234dd7b56cf4b3ae1e383e.pdf,
Tamil Nadu,Optical Mechanic/Grinder/Purchaser,Special Categories,Optical shops,01-04-2025,03-03-2025,543.38,14128,https://f1a40278-2118-4c25-abcb-b9aa5dc342d3.usrfiles.com/ugd/f1a402_abe15b5a75234dd7b56cf4b3ae1e383e.pdf,
Tamil Nadu,Optical Mechanic/Grinder/Purchaser,Special Categories,Optical shops,01-04-2025,03-03-2025,541,14066,https://f1a40278-2118-4c25-abcb-b9aa5dc342d3.usrfiles.com/ugd/f1a402_abe15b5a75234dd7b56cf4b3ae1e383e.pdf,
Tamil Nadu,Optical Mechanic/Grinder/Purchaser,Special Categories,Optical shops,01-04-2025,03-03-2025,538.62,14004,https://f1a40278-2118-4c25-abcb-b9aa5dc342d3.usrfiles.com/ugd/f1a402_abe15b5a75234dd7b56cf4b3ae1e383e.pdf,
Tamil Nadu,Refractory Mechanic,Special Categories,Optical shops,01-04-2025,03-03-2025,545.88,14193,https://f1a40278-2118-4c25-abcb-b9aa5dc342d3.usrfiles.com/ugd/f1a402_abe15b5a75234dd7b56cf4b3ae1e383e.pdf,
Tamil Nadu,Refractory Mechanic,Special Categories,Optical shops,01-04-2025,03-03-2025,543.38,14128,https://f1a40278-2118-4c25-abcb-b9aa5dc342d3.usrfiles.com/ugd/f1a402_abe15b5a75234dd7b56cf4b3ae1e383e.pdf,
Tamil Nadu,Refractory Mechanic,Special Categories,Optical shops,01-04-2025,03-03-2025,541,14066,https://f1a40278-2118-4c25-abcb-b9aa5dc342d3.usrfiles.com/ugd/f1a402_abe15b5a75234dd7b56cf4b3ae1e383e.pdf,
Tamil Nadu,Refractory Mechanic,Special Categories,Optical shops,01-04-2025,03-03-2025,538.62,14004,https://f1a40278-2118-4c25-abcb-b9aa5dc342d3.usrfiles.com/ugd/f1a402_abe15b5a75234dd7b56cf4b3ae1e383e.pdf,
Tamil Nadu,Engraver,Special Categories,Block Making and Rubber Stamp making,01-04-2025,03-03-2025,545.88,14193,https://f1a40278-2118-4c25-abcb-b9aa5dc342d3.usrfiles.com/ugd/f1a402_abe15b5a75234dd7b56cf4b3ae1e383e.pdf,
Tamil Nadu,Engraver,Special Categories,Block Making and Rubber Stamp making,01-04-2025,03-03-2025,543.38,14128,https://f1a40278-2118-4c25-abcb-b9aa5dc342d3.usrfiles.com/ugd/f1a402_abe15b5a75234dd7b56cf4b3ae1e383e.pdf,
Tamil Nadu,Engraver,Special Categories,Block Making and Rubber Stamp making,01-04-2025,03-03-2025,541,14066,https://f1a40278-2118-4c25-abcb-b9aa5dc342d3.usrfiles.com/ugd/f1a402_abe15b5a75234dd7b56cf4b3ae1e383e.pdf,
Tamil Nadu,Engraver,Special Categories,Block Making and Rubber Stamp making,01-04-2025,03-03-2025,538.62,14004,https://f1a40278-2118-4c25-abcb-b9aa5dc342d3.usrfiles.com/ugd/f1a402_abe15b5a75234dd7b56cf4b3ae1e383e.pdf,
Tamil Nadu,Block maker,Special Categories,Block Making and Rubber Stamp making,01-04-2025,03-03-2025,545.88,14193,https://f1a40278-2118-4c25-abcb-b9aa5dc342d3.usrfiles.com/ugd/f1a402_abe15b5a75234dd7b56cf4b3ae1e383e.pdf,
Tamil Nadu,Block maker,Special Categories,Block Making and Rubber Stamp making,01-04-2025,03-03-2025,543.38,14128,https://f1a40278-2118-4c25-abcb-b9aa5dc342d3.usrfiles.com/ugd/f1a402_abe15b5a75234dd7b56cf4b3ae1e383e.pdf,
Tamil Nadu,Block maker,Special Categories,Block Making and Rubber Stamp making,01-04-2025,03-03-2025,541,14066,https://f1a40278-2118-4c25-abcb-b9aa5dc342d3.usrfiles.com/ugd/f1a402_abe15b5a75234dd7b56cf4b3ae1e383e.pdf,
Tamil Nadu,Block maker,Special Categories,Block Making and Rubber Stamp making,01-04-2025,03-03-2025,538.62,14004,https://f1a40278-2118-4c25-abcb-b9aa5dc342d3.usrfiles.com/ugd/f1a402_abe15b5a75234dd7b56cf4b3ae1e383e.pdf,
Tamil Nadu,Assistant Engraver,Special Categories,Block Making and Rubber Stamp making,01-04-2025,03-03-2025,541.54,14080,https://f1a40278-2118-4c25-abcb-b9aa5dc342d3.usrfiles.com/ugd/f1a402_abe15b5a75234dd7b56cf4b3ae1e383e.pdf,
Tamil Nadu,Assistant Engraver,Special Categories,Block Making and Rubber Stamp making,01-04-2025,03-03-2025,538.62,14004,https://f1a40278-2118-4c25-abcb-b9aa5dc342d3.usrfiles.com/ugd/f1a402_abe15b5a75234dd7b56cf4b3ae1e383e.pdf,
Tamil Nadu,Assistant Engraver,Special Categories,Block Making and Rubber Stamp making,01-04-2025,03-03-2025,535.85,13932,https://f1a40278-2118-4c25-abcb-b9aa5dc342d3.usrfiles.com/ugd/f1a402_abe15b5a75234dd7b56cf4b3ae1e383e.pdf,
Tamil Nadu,Assistant Engraver,Special Categories,Block Making and Rubber Stamp making,01-04-2025,03-03-2025,533.31,13866,https://f1a40278-2118-4c25-abcb-b9aa5dc342d3.usrfiles.com/ugd/f1a402_abe15b5a75234dd7b56cf4b3ae1e383e.pdf,
Tamil Nadu,Painter/Artist,Special Categories,Block Making and Rubber Stamp making,01-04-2025,03-03-2025,543.92,14142,https://f1a40278-2118-4c25-abcb-b9aa5dc342d3.usrfiles.com/ugd/f1a402_abe15b5a75234dd7b56cf4b3ae1e383e.pdf,
Tamil Nadu,Painter/Artist,Special Categories,Block Making and Rubber Stamp making,01-04-2025,03-03-2025,541,14066,https://f1a40278-2118-4c25-abcb-b9aa5dc342d3.usrfiles.com/ugd/f1a402_abe15b5a75234dd7b56cf4b3ae1e383e.pdf,
Tamil Nadu,Painter/Artist,Special Categories,Block Making and Rubber Stamp making,01-04-2025,03-03-2025,538.19,13993,https://f1a40278-2118-4c25-abcb-b9aa5dc342d3.usrfiles.com/ugd/f1a402_abe15b5a75234dd7b56cf4b3ae1e383e.pdf,
Tamil Nadu,Painter/Artist,Special Categories,Block Making and Rubber Stamp making,01-04-2025,03-03-2025,535.85,13932,https://f1a40278-2118-4c25-abcb-b9aa5dc342d3.usrfiles.com/ugd/f1a402_abe15b5a75234dd7b56cf4b3ae1e383e.pdf,
Tamil Nadu,Electrician/Wireman/ Electrical Repairer,Special Categories,Electrical Light and Sound Service shops,01-04-2025,03-03-2025,543.92,14142,https://f1a40278-2118-4c25-abcb-b9aa5dc342d3.usrfiles.com/ugd/f1a402_abe15b5a75234dd7b56cf4b3ae1e383e.pdf,
Tamil Nadu,Electrician/Wireman/ Electrical Repairer,Special Categories,Electrical Light and Sound Service shops,01-04-2025,03-03-2025,541,14066,https://f1a40278-2118-4c25-abcb-b9aa5dc342d3.usrfiles.com/ugd/f1a402_abe15b5a75234dd7b56cf4b3ae1e383e.pdf,
Tamil Nadu,Electrician/Wireman/ Electrical Repairer,Special Categories,Electrical Light and Sound Service shops,01-04-2025,03-03-2025,538.19,13993,https://f1a40278-2118-4c25-abcb-b9aa5dc342d3.usrfiles.com/ugd/f1a402_abe15b5a75234dd7b56cf4b3ae1e383e.pdf,
Tamil Nadu,Electrician/Wireman/ Electrical Repairer,Special Categories,Electrical Light and Sound Service shops,01-04-2025,03-03-2025,535.85,13932,https://f1a40278-2118-4c25-abcb-b9aa5dc342d3.usrfiles.com/ugd/f1a402_abe15b5a75234dd7b56cf4b3ae1e383e.pdf,
Tamil Nadu,Assistant Wireman,Special Categories,Electrical Light and Sound Service shops,01-04-2025,03-03-2025,541.54,14080,https://f1a40278-2118-4c25-abcb-b9aa5dc342d3.usrfiles.com/ugd/f1a402_abe15b5a75234dd7b56cf4b3ae1e383e.pdf,
Tamil Nadu,Assistant Wireman,Special Categories,Electrical Light and Sound Service shops,01-04-2025,03-03-2025,538.62,14004,https://f1a40278-2118-4c25-abcb-b9aa5dc342d3.usrfiles.com/ugd/f1a402_abe15b5a75234dd7b56cf4b3ae1e383e.pdf,
Tamil Nadu,Assistant Wireman,Special Categories,Electrical Light and Sound Service shops,01-04-2025,03-03-2025,535.85,13932,https://f1a40278-2118-4c25-abcb-b9aa5dc342d3.usrfiles.com/ugd/f1a402_abe15b5a75234dd7b56cf4b3ae1e383e.pdf,
Tamil Nadu,Assistant Wireman,Special Categories,Electrical Light and Sound Service shops,01-04-2025,03-03-2025,533.31,13866,https://f1a40278-2118-4c25-abcb-b9aa5dc342d3.usrfiles.com/ugd/f1a402_abe15b5a75234dd7b56cf4b3ae1e383e.pdf,
Tamil Nadu,Mike Operator,Special Categories,Electrical Light and Sound Service shops,01-04-2025,03-03-2025,541.54,14080,https://f1a40278-2118-4c25-abcb-b9aa5dc342d3.usrfiles.com/ugd/f1a402_abe15b5a75234dd7b56cf4b3ae1e383e.pdf,
Tamil Nadu,Mike Operator,Special Categories,Electrical Light and Sound Service shops,01-04-2025,03-03-2025,538.62,14004,https://f1a40278-2118-4c25-abcb-b9aa5dc342d3.usrfiles.com/ugd/f1a402_abe15b5a75234dd7b56cf4b3ae1e383e.pdf,
Tamil Nadu,Mike Operator,Special Categories,Electrical Light and Sound Service shops,01-04-2025,03-03-2025,535.85,13932,https://f1a40278-2118-4c25-abcb-b9aa5dc342d3.usrfiles.com/ugd/f1a402_abe15b5a75234dd7b56cf4b3ae1e383e.pdf,
Tamil Nadu,Mike Operator,Special Categories,Electrical Light and Sound Service shops,01-04-2025,03-03-2025,533.31,13866,https://f1a40278-2118-4c25-abcb-b9aa5dc342d3.usrfiles.com/ugd/f1a402_abe15b5a75234dd7b56cf4b3ae1e383e.pdf,
Tamil Nadu,Radiographer,Special Categories,Diagnostic Laboratory,01-04-2025,03-03-2025,543.92,14142,https://f1a40278-2118-4c25-abcb-b9aa5dc342d3.usrfiles.com/ugd/f1a402_abe15b5a75234dd7b56cf4b3ae1e383e.pdf,
Tamil Nadu,Radiographer,Special Categories,Diagnostic Laboratory,01-04-2025,03-03-2025,541,14066,https://f1a40278-2118-4c25-abcb-b9aa5dc342d3.usrfiles.com/ugd/f1a402_abe15b5a75234dd7b56cf4b3ae1e383e.pdf,
Tamil Nadu,Radiographer,Special Categories,Diagnostic Laboratory,01-04-2025,03-03-2025,538.19,13993,https://f1a40278-2118-4c25-abcb-b9aa5dc342d3.usrfiles.com/ugd/f1a402_abe15b5a75234dd7b56cf4b3ae1e383e.pdf,
Tamil Nadu,Radiographer,Special Categories,Diagnostic Laboratory,01-04-2025,03-03-2025,535.85,13932,https://f1a40278-2118-4c25-abcb-b9aa5dc342d3.usrfiles.com/ugd/f1a402_abe15b5a75234dd7b56cf4b3ae1e383e.pdf,
Tamil Nadu,X-Ray Photographer,Special Categories,Diagnostic Laboratory,01-04-2025,03-03-2025,543.92,14142,https://f1a40278-2118-4c25-abcb-b9aa5dc342d3.usrfiles.com/ugd/f1a402_abe15b5a75234dd7b56cf4b3ae1e383e.pdf,
Tamil Nadu,X-Ray Photographer,Special Categories,Diagnostic Laboratory,01-04-2025,03-03-2025,541,14066,https://f1a40278-2118-4c25-abcb-b9aa5dc342d3.usrfiles.com/ugd/f1a402_abe15b5a75234dd7b56cf4b3ae1e383e.pdf,
Tamil Nadu,X-Ray Photographer,Special Categories,Diagnostic Laboratory,01-04-2025,03-03-2025,538.19,13993,https://f1a40278-2118-4c25-abcb-b9aa5dc342d3.usrfiles.com/ugd/f1a402_abe15b5a75234dd7b56cf4b3ae1e383e.pdf,
Tamil Nadu,X-Ray Photographer,Special Categories,Diagnostic Laboratory,01-04-2025,03-03-2025,535.85,13932,https://f1a40278-2118-4c25-abcb-b9aa5dc342d3.usrfiles.com/ugd/f1a402_abe15b5a75234dd7b56cf4b3ae1e383e.pdf,
Tamil Nadu,Laboratory Technician/Analyst,Special Categories,Diagnostic Laboratory,01-04-2025,03-03-2025,543.92,14142,https://f1a40278-2118-4c25-abcb-b9aa5dc342d3.usrfiles.com/ugd/f1a402_abe15b5a75234dd7b56cf4b3ae1e383e.pdf,
Tamil Nadu,Laboratory Technician/Analyst,Special Categories,Diagnostic Laboratory,01-04-2025,03-03-2025,541,14066,https://f1a40278-2118-4c25-abcb-b9aa5dc342d3.usrfiles.com/ugd/f1a402_abe15b5a75234dd7b56cf4b3ae1e383e.pdf,
Tamil Nadu,Laboratory Technician/Analyst,Special Categories,Diagnostic Laboratory,01-04-2025,03-03-2025,538.19,13993,https://f1a40278-2118-4c25-abcb-b9aa5dc342d3.usrfiles.com/ugd/f1a402_abe15b5a75234dd7b56cf4b3ae1e383e.pdf,
Tamil Nadu,Laboratory Technician/Analyst,Special Categories,Diagnostic Laboratory,01-04-2025,03-03-2025,535.85,13932,https://f1a40278-2118-4c25-abcb-b9aa5dc342d3.usrfiles.com/ugd/f1a402_abe15b5a75234dd7b56cf4b3ae1e383e.pdf,
Tamil Nadu,Chief Accountant,Special Categories,Chit Funds and Co-operative Societies,01-04-2025,03-03-2025,545.88,14193,https://f1a40278-2118-4c25-abcb-b9aa5dc342d3.usrfiles.com/ugd/f1a402_abe15b5a75234dd7b56cf4b3ae1e383e.pdf,
Tamil Nadu,Chief Accountant,Special Categories,Chit Funds and Co-operative Societies,01-04-2025,03-03-2025,543.38,14128,https://f1a40278-2118-4c25-abcb-b9aa5dc342d3.usrfiles.com/ugd/f1a402_abe15b5a75234dd7b56cf4b3ae1e383e.pdf,
Tamil Nadu,Chief Accountant,Special Categories,Chit Funds and Co-operative Societies,01-04-2025,03-03-2025,541,14066,https://f1a40278-2118-4c25-abcb-b9aa5dc342d3.usrfiles.com/ugd/f1a402_abe15b5a75234dd7b56cf4b3ae1e383e.pdf,
Tamil Nadu,Chief Accountant,Special Categories,Chit Funds and Co-operative Societies,01-04-2025,03-03-2025,538.62,14004,https://f1a40278-2118-4c25-abcb-b9aa5dc342d3.usrfiles.com/ugd/f1a402_abe15b5a75234dd7b56cf4b3ae1e383e.pdf,
Tamil Nadu,Office Superintendent,Special Categories,Chit Funds and Co-operative Societies,01-04-2025,03-03-2025,545.88,14193,https://f1a40278-2118-4c25-abcb-b9aa5dc342d3.usrfiles.com/ugd/f1a402_abe15b5a75234dd7b56cf4b3ae1e383e.pdf,
Tamil Nadu,Office Superintendent,Special Categories,Chit Funds and Co-operative Societies,01-04-2025,03-03-2025,543.38,14128,https://f1a40278-2118-4c25-abcb-b9aa5dc342d3.usrfiles.com/ugd/f1a402_abe15b5a75234dd7b56cf4b3ae1e383e.pdf,
Tamil Nadu,Office Superintendent,Special Categories,Chit Funds and Co-operative Societies,01-04-2025,03-03-2025,541,14066,https://f1a40278-2118-4c25-abcb-b9aa5dc342d3.usrfiles.com/ugd/f1a402_abe15b5a75234dd7b56cf4b3ae1e383e.pdf,
Tamil Nadu,Office Superintendent,Special Categories,Chit Funds and Co-operative Societies,01-04-2025,03-03-2025,538.62,14004,https://f1a40278-2118-4c25-abcb-b9aa5dc342d3.usrfiles.com/ugd/f1a402_abe15b5a75234dd7b56cf4b3ae1e383e.pdf,
Tamil Nadu,Secretary,Special Categories,Chit Funds and Co-operative Societies,01-04-2025,03-03-2025,545.88,14193,https://f1a40278-2118-4c25-abcb-b9aa5dc342d3.usrfiles.com/ugd/f1a402_abe15b5a75234dd7b56cf4b3ae1e383e.pdf,
Tamil Nadu,Secretary,Special Categories,Chit Funds and Co-operative Societies,01-04-2025,03-03-2025,543.38,14128,https://f1a40278-2118-4c25-abcb-b9aa5dc342d3.usrfiles.com/ugd/f1a402_abe15b5a75234dd7b56cf4b3ae1e383e.pdf,
Tamil Nadu,Secretary,Special Categories,Chit Funds and Co-operative Societies,01-04-2025,03-03-2025,541,14066,https://f1a40278-2118-4c25-abcb-b9aa5dc342d3.usrfiles.com/ugd/f1a402_abe15b5a75234dd7b56cf4b3ae1e383e.pdf,
Tamil Nadu,Secretary,Special Categories,Chit Funds and Co-operative Societies,01-04-2025,03-03-2025,538.62,14004,https://f1a40278-2118-4c25-abcb-b9aa5dc342d3.usrfiles.com/ugd/f1a402_abe15b5a75234dd7b56cf4b3ae1e383e.pdf,
Tamil Nadu,Auditor,Special Categories,Chit Funds and Co-operative Societies,01-04-2025,03-03-2025,545.88,14193,https://f1a40278-2118-4c25-abcb-b9aa5dc342d3.usrfiles.com/ugd/f1a402_abe15b5a75234dd7b56cf4b3ae1e383e.pdf,
Tamil Nadu,Auditor,Special Categories,Chit Funds and Co-operative Societies,01-04-2025,03-03-2025,543.38,14128,https://f1a40278-2118-4c25-abcb-b9aa5dc342d3.usrfiles.com/ugd/f1a402_abe15b5a75234dd7b56cf4b3ae1e383e.pdf,
Tamil Nadu,Auditor,Special Categories,Chit Funds and Co-operative Societies,01-04-2025,03-03-2025,541,14066,https://f1a40278-2118-4c25-abcb-b9aa5dc342d3.usrfiles.com/ugd/f1a402_abe15b5a75234dd7b56cf4b3ae1e383e.pdf,
Tamil Nadu,Auditor,Special Categories,Chit Funds and Co-operative Societies,01-04-2025,03-03-2025,538.62,14004,https://f1a40278-2118-4c25-abcb-b9aa5dc342d3.usrfiles.com/ugd/f1a402_abe15b5a75234dd7b56cf4b3ae1e383e.pdf,
Tamil Nadu,Personal Assistant,Special Categories,Chit Funds and Co-operative Societies,01-04-2025,03-03-2025,543.92,14142,https://f1a40278-2118-4c25-abcb-b9aa5dc342d3.usrfiles.com/ugd/f1a402_abe15b5a75234dd7b56cf4b3ae1e383e.pdf,
Tamil Nadu,Personal Assistant,Special Categories,Chit Funds and Co-operative Societies,01-04-2025,03-03-2025,541,14066,https://f1a40278-2118-4c25-abcb-b9aa5dc342d3.usrfiles.com/ugd/f1a402_abe15b5a75234dd7b56cf4b3ae1e383e.pdf,
Tamil Nadu,Personal Assistant,Special Categories,Chit Funds and Co-operative Societies,01-04-2025,03-03-2025,538.19,13993,https://f1a40278-2118-4c25-abcb-b9aa5dc342d3.usrfiles.com/ugd/f1a402_abe15b5a75234dd7b56cf4b3ae1e383e.pdf,
Tamil Nadu,Personal Assistant,Special Categories,Chit Funds and Co-operative Societies,01-04-2025,03-03-2025,535.85,13932,https://f1a40278-2118-4c25-abcb-b9aa5dc342d3.usrfiles.com/ugd/f1a402_abe15b5a75234dd7b56cf4b3ae1e383e.pdf,
Tamil Nadu,Junior Development Officer,Special Categories,Chit Funds and Co-operative Societies,01-04-2025,03-03-2025,543.92,14142,https://f1a40278-2118-4c25-abcb-b9aa5dc342d3.usrfiles.com/ugd/f1a402_abe15b5a75234dd7b56cf4b3ae1e383e.pdf,
Tamil Nadu,Junior Development Officer,Special Categories,Chit Funds and Co-operative Societies,01-04-2025,03-03-2025,541,14066,https://f1a40278-2118-4c25-abcb-b9aa5dc342d3.usrfiles.com/ugd/f1a402_abe15b5a75234dd7b56cf4b3ae1e383e.pdf,
Tamil Nadu,Junior Development Officer,Special Categories,Chit Funds and Co-operative Societies,01-04-2025,03-03-2025,538.19,13993,https://f1a40278-2118-4c25-abcb-b9aa5dc342d3.usrfiles.com/ugd/f1a402_abe15b5a75234dd7b56cf4b3ae1e383e.pdf,
Tamil Nadu,Junior Development Officer,Special Categories,Chit Funds and Co-operative Societies,01-04-2025,03-03-2025,535.85,13932,https://f1a40278-2118-4c25-abcb-b9aa5dc342d3.usrfiles.com/ugd/f1a402_abe15b5a75234dd7b56cf4b3ae1e383e.pdf,
Tamil Nadu,Legal Assistant,Special Categories,Chit Funds and Co-operative Societies,01-04-2025,03-03-2025,543.92,14142,https://f1a40278-2118-4c25-abcb-b9aa5dc342d3.usrfiles.com/ugd/f1a402_abe15b5a75234dd7b56cf4b3ae1e383e.pdf,
Tamil Nadu,Legal Assistant,Special Categories,Chit Funds and Co-operative Societies,01-04-2025,03-03-2025,541,14066,https://f1a40278-2118-4c25-abcb-b9aa5dc342d3.usrfiles.com/ugd/f1a402_abe15b5a75234dd7b56cf4b3ae1e383e.pdf,
Tamil Nadu,Legal Assistant,Special Categories,Chit Funds and Co-operative Societies,01-04-2025,03-03-2025,538.19,13993,https://f1a40278-2118-4c25-abcb-b9aa5dc342d3.usrfiles.com/ugd/f1a402_abe15b5a75234dd7b56cf4b3ae1e383e.pdf,
Tamil Nadu,Legal Assistant,Special Categories,Chit Funds and Co-operative Societies,01-04-2025,03-03-2025,535.85,13932,https://f1a40278-2118-4c25-abcb-b9aa5dc342d3.usrfiles.com/ugd/f1a402_abe15b5a75234dd7b56cf4b3ae1e383e.pdf,
Tamil Nadu,Room Boy,Special Categories,Boarding and Lodges,01-04-2025,03-03-2025,538.62,14004,https://f1a40278-2118-4c25-abcb-b9aa5dc342d3.usrfiles.com/ugd/f1a402_abe15b5a75234dd7b56cf4b3ae1e383e.pdf,
Tamil Nadu,Room Boy,Special Categories,Boarding and Lodges,01-04-2025,03-03-2025,535.85,13932,https://f1a40278-2118-4c25-abcb-b9aa5dc342d3.usrfiles.com/ugd/f1a402_abe15b5a75234dd7b56cf4b3ae1e383e.pdf,
Tamil Nadu,Room Boy,Special Categories,Boarding and Lodges,01-04-2025,03-03-2025,532.85,13854,https://f1a40278-2118-4c25-abcb-b9aa5dc342d3.usrfiles.com/ugd/f1a402_abe15b5a75234dd7b56cf4b3ae1e383e.pdf,
Tamil Nadu,Room Boy,Special Categories,Boarding and Lodges,01-04-2025,03-03-2025,530.12,13783,https://f1a40278-2118-4c25-abcb-b9aa5dc342d3.usrfiles.com/ugd/f1a402_abe15b5a75234dd7b56cf4b3ae1e383e.pdf,
Tamil Nadu,Canvassar,Special Categories,Boarding and Lodges,01-04-2025,03-03-2025,538.62,14004,https://f1a40278-2118-4c25-abcb-b9aa5dc342d3.usrfiles.com/ugd/f1a402_abe15b5a75234dd7b56cf4b3ae1e383e.pdf,
Tamil Nadu,Canvassar,Special Categories,Boarding and Lodges,01-04-2025,03-03-2025,535.85,13932,https://f1a40278-2118-4c25-abcb-b9aa5dc342d3.usrfiles.com/ugd/f1a402_abe15b5a75234dd7b56cf4b3ae1e383e.pdf,
Tamil Nadu,Canvassar,Special Categories,Boarding and Lodges,01-04-2025,03-03-2025,532.85,13854,https://f1a40278-2118-4c25-abcb-b9aa5dc342d3.usrfiles.com/ugd/f1a402_abe15b5a75234dd7b56cf4b3ae1e383e.pdf,
Tamil Nadu,Canvassar,Special Categories,Boarding and Lodges,01-04-2025,03-03-2025,530.12,13783,https://f1a40278-2118-4c25-abcb-b9aa5dc342d3.usrfiles.com/ugd/f1a402_abe15b5a75234dd7b56cf4b3ae1e383e.pdf,
Tamil Nadu,Mason,Special Categories,Boarding and Lodges,01-04-2025,03-03-2025,543.92,14142,https://f1a40278-2118-4c25-abcb-b9aa5dc342d3.usrfiles.com/ugd/f1a402_abe15b5a75234dd7b56cf4b3ae1e383e.pdf,
Tamil Nadu,Mason,Special Categories,Boarding and Lodges,01-04-2025,03-03-2025,541,14066,https://f1a40278-2118-4c25-abcb-b9aa5dc342d3.usrfiles.com/ugd/f1a402_abe15b5a75234dd7b56cf4b3ae1e383e.pdf,
Tamil Nadu,Mason,Special Categories,Boarding and Lodges,01-04-2025,03-03-2025,538.19,13993,https://f1a40278-2118-4c25-abcb-b9aa5dc342d3.usrfiles.com/ugd/f1a402_abe15b5a75234dd7b56cf4b3ae1e383e.pdf,
Tamil Nadu,Mason,Special Categories,Boarding and Lodges,01-04-2025,03-03-2025,535.85,13932,https://f1a40278-2118-4c25-abcb-b9aa5dc342d3.usrfiles.com/ugd/f1a402_abe15b5a75234dd7b56cf4b3ae1e383e.pdf,
Tamil Nadu,Plumber,Special Categories,Boarding and Lodges,01-04-2025,03-03-2025,543.92,14142,https://f1a40278-2118-4c25-abcb-b9aa5dc342d3.usrfiles.com/ugd/f1a402_abe15b5a75234dd7b56cf4b3ae1e383e.pdf,
Tamil Nadu,Plumber,Special Categories,Boarding and Lodges,01-04-2025,03-03-2025,541,14066,https://f1a40278-2118-4c25-abcb-b9aa5dc342d3.usrfiles.com/ugd/f1a402_abe15b5a75234dd7b56cf4b3ae1e383e.pdf,
Tamil Nadu,Plumber,Special Categories,Boarding and Lodges,01-04-2025,03-03-2025,538.19,13993,https://f1a40278-2118-4c25-abcb-b9aa5dc342d3.usrfiles.com/ugd/f1a402_abe15b5a75234dd7b56cf4b3ae1e383e.pdf,
Tamil Nadu,Plumber,Special Categories,Boarding and Lodges,01-04-2025,03-03-2025,535.85,13932,https://f1a40278-2118-4c25-abcb-b9aa5dc342d3.usrfiles.com/ugd/f1a402_abe15b5a75234dd7b56cf4b3ae1e383e.pdf,
Tamil Nadu,Painter,Special Categories,Boarding and Lodges,01-04-2025,03-03-2025,543.92,14142,https://f1a40278-2118-4c25-abcb-b9aa5dc342d3.usrfiles.com/ugd/f1a402_abe15b5a75234dd7b56cf4b3ae1e383e.pdf,
Tamil Nadu,Painter,Special Categories,Boarding and Lodges,01-04-2025,03-03-2025,541,14066,https://f1a40278-2118-4c25-abcb-b9aa5dc342d3.usrfiles.com/ugd/f1a402_abe15b5a75234dd7b56cf4b3ae1e383e.pdf,
Tamil Nadu,Painter,Special Categories,Boarding and Lodges,01-04-2025,03-03-2025,538.19,13993,https://f1a40278-2118-4c25-abcb-b9aa5dc342d3.usrfiles.com/ugd/f1a402_abe15b5a75234dd7b56cf4b3ae1e383e.pdf,
Tamil Nadu,Painter,Special Categories,Boarding and Lodges,01-04-2025,03-03-2025,535.85,13932,https://f1a40278-2118-4c25-abcb-b9aa5dc342d3.usrfiles.com/ugd/f1a402_abe15b5a75234dd7b56cf4b3ae1e383e.pdf,
Tamil Nadu,Electrician,Special Categories,Boarding and Lodges,01-04-2025,03-03-2025,543.92,14142,https://f1a40278-2118-4c25-abcb-b9aa5dc342d3.usrfiles.com/ugd/f1a402_abe15b5a75234dd7b56cf4b3ae1e383e.pdf,
Tamil Nadu,Electrician,Special Categories,Boarding and Lodges,01-04-2025,03-03-2025,541,14066,https://f1a40278-2118-4c25-abcb-b9aa5dc342d3.usrfiles.com/ugd/f1a402_abe15b5a75234dd7b56cf4b3ae1e383e.pdf,
Tamil Nadu,Electrician,Special Categories,Boarding and Lodges,01-04-2025,03-03-2025,538.19,13993,https://f1a40278-2118-4c25-abcb-b9aa5dc342d3.usrfiles.com/ugd/f1a402_abe15b5a75234dd7b56cf4b3ae1e383e.pdf,
Tamil Nadu,Electrician,Special Categories,Boarding and Lodges,01-04-2025,03-03-2025,535.85,13932,https://f1a40278-2118-4c25-abcb-b9aa5dc342d3.usrfiles.com/ugd/f1a402_abe15b5a75234dd7b56cf4b3ae1e383e.pdf,
Tamil Nadu,Carpenter,Special Categories,Furniture,01-04-2025,03-03-2025,545.88,14193,https://f1a40278-2118-4c25-abcb-b9aa5dc342d3.usrfiles.com/ugd/f1a402_abe15b5a75234dd7b56cf4b3ae1e383e.pdf,
Tamil Nadu,Carpenter,Special Categories,Furniture,01-04-2025,03-03-2025,543.38,14128,https://f1a40278-2118-4c25-abcb-b9aa5dc342d3.usrfiles.com/ugd/f1a402_abe15b5a75234dd7b56cf4b3ae1e383e.pdf,
Tamil Nadu,Carpenter,Special Categories,Furniture,01-04-2025,03-03-2025,541,14066,https://f1a40278-2118-4c25-abcb-b9aa5dc342d3.usrfiles.com/ugd/f1a402_abe15b5a75234dd7b56cf4b3ae1e383e.pdf,
Tamil Nadu,Carpenter,Special Categories,Furniture,01-04-2025,03-03-2025,538.62,14004,https://f1a40278-2118-4c25-abcb-b9aa5dc342d3.usrfiles.com/ugd/f1a402_abe15b5a75234dd7b56cf4b3ae1e383e.pdf,
Tamil Nadu,Polisher,Special Categories,Furniture,01-04-2025,03-03-2025,545.88,14193,https://f1a40278-2118-4c25-abcb-b9aa5dc342d3.usrfiles.com/ugd/f1a402_abe15b5a75234dd7b56cf4b3ae1e383e.pdf,
Tamil Nadu,Polisher,Special Categories,Furniture,01-04-2025,03-03-2025,543.38,14128,https://f1a40278-2118-4c25-abcb-b9aa5dc342d3.usrfiles.com/ugd/f1a402_abe15b5a75234dd7b56cf4b3ae1e383e.pdf,
Tamil Nadu,Polisher,Special Categories,Furniture,01-04-2025,03-03-2025,541,14066,https://f1a40278-2118-4c25-abcb-b9aa5dc342d3.usrfiles.com/ugd/f1a402_abe15b5a75234dd7b56cf4b3ae1e383e.pdf,
Tamil Nadu,Polisher,Special Categories,Furniture,01-04-2025,03-03-2025,538.62,14004,https://f1a40278-2118-4c25-abcb-b9aa5dc342d3.usrfiles.com/ugd/f1a402_abe15b5a75234dd7b56cf4b3ae1e383e.pdf,
Tamil Nadu,Rattan Worker,Special Categories,Furniture,01-04-2025,03-03-2025,545.88,14193,https://f1a40278-2118-4c25-abcb-b9aa5dc342d3.usrfiles.com/ugd/f1a402_abe15b5a75234dd7b56cf4b3ae1e383e.pdf,
Tamil Nadu,Rattan Worker,Special Categories,Furniture,01-04-2025,03-03-2025,543.38,14128,https://f1a40278-2118-4c25-abcb-b9aa5dc342d3.usrfiles.com/ugd/f1a402_abe15b5a75234dd7b56cf4b3ae1e383e.pdf,
Tamil Nadu,Rattan Worker,Special Categories,Furniture,01-04-2025,03-03-2025,541,14066,https://f1a40278-2118-4c25-abcb-b9aa5dc342d3.usrfiles.com/ugd/f1a402_abe15b5a75234dd7b56cf4b3ae1e383e.pdf,
Tamil Nadu,Rattan Worker,Special Categories,Furniture,01-04-2025,03-03-2025,538.62,14004,https://f1a40278-2118-4c25-abcb-b9aa5dc342d3.usrfiles.com/ugd/f1a402_abe15b5a75234dd7b56cf4b3ae1e383e.pdf,
Tamil Nadu,Technician in Musical Instruments Shop,Special Categories,Miscellaneous Workers,01-04-2025,03-03-2025,545.88,14193,https://f1a40278-2118-4c25-abcb-b9aa5dc342d3.usrfiles.com/ugd/f1a402_abe15b5a75234dd7b56cf4b3ae1e383e.pdf,
Tamil Nadu,Technician in Musical Instruments Shop,Special Categories,Miscellaneous Workers,01-04-2025,03-03-2025,543.38,14128,https://f1a40278-2118-4c25-abcb-b9aa5dc342d3.usrfiles.com/ugd/f1a402_abe15b5a75234dd7b56cf4b3ae1e383e.pdf,
Tamil Nadu,Technician in Musical Instruments Shop,Special Categories,Miscellaneous Workers,01-04-2025,03-03-2025,541,14066,https://f1a40278-2118-4c25-abcb-b9aa5dc342d3.usrfiles.com/ugd/f1a402_abe15b5a75234dd7b56cf4b3ae1e383e.pdf,
Tamil Nadu,Technician in Musical Instruments Shop,Special Categories,Miscellaneous Workers,01-04-2025,03-03-2025,538.62,14004,https://f1a40278-2118-4c25-abcb-b9aa5dc342d3.usrfiles.com/ugd/f1a402_abe15b5a75234dd7b56cf4b3ae1e383e.pdf,
Tamil Nadu,"Umbrella Fitting, Stitching and Cutting in Umbrella shop",Special Categories,Miscellaneous Workers,01-04-2025,03-03-2025,545.88,14193,https://f1a40278-2118-4c25-abcb-b9aa5dc342d3.usrfiles.com/ugd/f1a402_abe15b5a75234dd7b56cf4b3ae1e383e.pdf,
Tamil Nadu,"Umbrella Fitting, Stitching and Cutting in Umbrella shop",Special Categories,Miscellaneous Workers,01-04-2025,03-03-2025,543.38,14128,https://f1a40278-2118-4c25-abcb-b9aa5dc342d3.usrfiles.com/ugd/f1a402_abe15b5a75234dd7b56cf4b3ae1e383e.pdf,
Tamil Nadu,"Umbrella Fitting, Stitching and Cutting in Umbrella shop",Special Categories,Miscellaneous Workers,01-04-2025,03-03-2025,541,14066,https://f1a40278-2118-4c25-abcb-b9aa5dc342d3.usrfiles.com/ugd/f1a402_abe15b5a75234dd7b56cf4b3ae1e383e.pdf,
Tamil Nadu,"Umbrella Fitting, Stitching and Cutting in Umbrella shop",Special Categories,Miscellaneous Workers,01-04-2025,03-03-2025,538.62,14004,https://f1a40278-2118-4c25-abcb-b9aa5dc342d3.usrfiles.com/ugd/f1a402_abe15b5a75234dd7b56cf4b3ae1e383e.pdf,
Tamil Nadu,Polisher in Auto-Mobile Dealers shop,Special Categories,Miscellaneous Workers,01-04-2025,03-03-2025,545.88,14193,https://f1a40278-2118-4c25-abcb-b9aa5dc342d3.usrfiles.com/ugd/f1a402_abe15b5a75234dd7b56cf4b3ae1e383e.pdf,
Tamil Nadu,Polisher in Auto-Mobile Dealers shop,Special Categories,Miscellaneous Workers,01-04-2025,03-03-2025,543.38,14128,https://f1a40278-2118-4c25-abcb-b9aa5dc342d3.usrfiles.com/ugd/f1a402_abe15b5a75234dd7b56cf4b3ae1e383e.pdf,
Tamil Nadu,Polisher in Auto-Mobile Dealers shop,Special Categories,Miscellaneous Workers,01-04-2025,03-03-2025,541,14066,https://f1a40278-2118-4c25-abcb-b9aa5dc342d3.usrfiles.com/ugd/f1a402_abe15b5a75234dd7b56cf4b3ae1e383e.pdf,
Tamil Nadu,Polisher in Auto-Mobile Dealers shop,Special Categories,Miscellaneous Workers,01-04-2025,03-03-2025,538.62,14004,https://f1a40278-2118-4c25-abcb-b9aa5dc342d3.usrfiles.com/ugd/f1a402_abe15b5a75234dd7b56cf4b3ae1e383e.pdf,
Tamil Nadu,Suitcase/All kinds of Bags and Purse makers (other than leather),Special Categories,Miscellaneous Workers,01-04-2025,03-03-2025,545.88,14193,https://f1a40278-2118-4c25-abcb-b9aa5dc342d3.usrfiles.com/ugd/f1a402_abe15b5a75234dd7b56cf4b3ae1e383e.pdf,
Tamil Nadu,Suitcase/All kinds of Bags and Purse makers (other than leather),Special Categories,Miscellaneous Workers,01-04-2025,03-03-2025,543.38,14128,https://f1a40278-2118-4c25-abcb-b9aa5dc342d3.usrfiles.com/ugd/f1a402_abe15b5a75234dd7b56cf4b3ae1e383e.pdf,
Tamil Nadu,Suitcase/All kinds of Bags and Purse makers (other than leather),Special Categories,Miscellaneous Workers,01-04-2025,03-03-2025,541,14066,https://f1a40278-2118-4c25-abcb-b9aa5dc342d3.usrfiles.com/ugd/f1a402_abe15b5a75234dd7b56cf4b3ae1e383e.pdf,
Tamil Nadu,Suitcase/All kinds of Bags and Purse makers (other than leather),Special Categories,Miscellaneous Workers,01-04-2025,03-03-2025,538.62,14004,https://f1a40278-2118-4c25-abcb-b9aa5dc342d3.usrfiles.com/ugd/f1a402_abe15b5a75234dd7b56cf4b3ae1e383e.pdf,
Tamil Nadu,Operator in Petrol Bunks,Special Categories,Miscellaneous Workers,01-04-2025,03-03-2025,538.62,14004,https://f1a40278-2118-4c25-abcb-b9aa5dc342d3.usrfiles.com/ugd/f1a402_abe15b5a75234dd7b56cf4b3ae1e383e.pdf,
Tamil Nadu,Operator in Petrol Bunks,Special Categories,Miscellaneous Workers,01-04-2025,03-03-2025,535.85,13932,https://f1a40278-2118-4c25-abcb-b9aa5dc342d3.usrfiles.com/ugd/f1a402_abe15b5a75234dd7b56cf4b3ae1e383e.pdf,
Tamil Nadu,Operator in Petrol Bunks,Special Categories,Miscellaneous Workers,01-04-2025,03-03-2025,532.85,13854,https://f1a40278-2118-4c25-abcb-b9aa5dc342d3.usrfiles.com/ugd/f1a402_abe15b5a75234dd7b56cf4b3ae1e383e.pdf,
Tamil Nadu,Operator in Petrol Bunks,Special Categories,Miscellaneous Workers,01-04-2025,03-03-2025,530.12,13783,https://f1a40278-2118-4c25-abcb-b9aa5dc342d3.usrfiles.com/ugd/f1a402_abe15b5a75234dd7b56cf4b3ae1e383e.pdf,
Tamil Nadu,Photo Frame Worker and Cutter,Special Categories,Miscellaneous Workers,01-04-2025,03-03-2025,543.92,14142,https://f1a40278-2118-4c25-abcb-b9aa5dc342d3.usrfiles.com/ugd/f1a402_abe15b5a75234dd7b56cf4b3ae1e383e.pdf,
Tamil Nadu,Photo Frame Worker and Cutter,Special Categories,Miscellaneous Workers,01-04-2025,03-03-2025,541,14066,https://f1a40278-2118-4c25-abcb-b9aa5dc342d3.usrfiles.com/ugd/f1a402_abe15b5a75234dd7b56cf4b3ae1e383e.pdf,
Tamil Nadu,Photo Frame Worker and Cutter,Special Categories,Miscellaneous Workers,01-04-2025,03-03-2025,538.19,13993,https://f1a40278-2118-4c25-abcb-b9aa5dc342d3.usrfiles.com/ugd/f1a402_abe15b5a75234dd7b56cf4b3ae1e383e.pdf,
Tamil Nadu,Photo Frame Worker and Cutter,Special Categories,Miscellaneous Workers,01-04-2025,03-03-2025,535.85,13932,https://f1a40278-2118-4c25-abcb-b9aa5dc342d3.usrfiles.com/ugd/f1a402_abe15b5a75234dd7b56cf4b3ae1e383e.pdf,
Tamil Nadu,Skilled labour in Lift Installing Establishments,Special Categories,Miscellaneous Workers,01-04-2025,03-03-2025,545.88,14193,https://f1a40278-2118-4c25-abcb-b9aa5dc342d3.usrfiles.com/ugd/f1a402_abe15b5a75234dd7b56cf4b3ae1e383e.pdf,
Tamil Nadu,Skilled labour in Lift Installing Establishments,Special Categories,Miscellaneous Workers,01-04-2025,03-03-2025,543.38,14128,https://f1a40278-2118-4c25-abcb-b9aa5dc342d3.usrfiles.com/ugd/f1a402_abe15b5a75234dd7b56cf4b3ae1e383e.pdf,
Tamil Nadu,Skilled labour in Lift Installing Establishments,Special Categories,Miscellaneous Workers,01-04-2025,03-03-2025,541,14066,https://f1a40278-2118-4c25-abcb-b9aa5dc342d3.usrfiles.com/ugd/f1a402_abe15b5a75234dd7b56cf4b3ae1e383e.pdf,
Tamil Nadu,Skilled labour in Lift Installing Establishments,Special Categories,Miscellaneous Workers,01-04-2025,03-03-2025,538.62,14004,https://f1a40278-2118-4c25-abcb-b9aa5dc342d3.usrfiles.com/ugd/f1a402_abe15b5a75234dd7b56cf4b3ae1e383e.pdf,
Tamil Nadu,Air-condition Plant Operator,Special Categories,Miscellaneous Workers,01-04-2025,03-03-2025,545.88,14193,https://f1a40278-2118-4c25-abcb-b9aa5dc342d3.usrfiles.com/ugd/f1a402_abe15b5a75234dd7b56cf4b3ae1e383e.pdf,
Tamil Nadu,Air-condition Plant Operator,Special Categories,Miscellaneous Workers,01-04-2025,03-03-2025,543.38,14128,https://f1a40278-2118-4c25-abcb-b9aa5dc342d3.usrfiles.com/ugd/f1a402_abe15b5a75234dd7b56cf4b3ae1e383e.pdf,
Tamil Nadu,Air-condition Plant Operator,Special Categories,Miscellaneous Workers,01-04-2025,03-03-2025,541,14066,https://f1a40278-2118-4c25-abcb-b9aa5dc342d3.usrfiles.com/ugd/f1a402_abe15b5a75234dd7b56cf4b3ae1e383e.pdf,
Tamil Nadu,Air-condition Plant Operator,Special Categories,Miscellaneous Workers,01-04-2025,03-03-2025,538.62,14004,https://f1a40278-2118-4c25-abcb-b9aa5dc342d3.usrfiles.com/ugd/f1a402_abe15b5a75234dd7b56cf4b3ae1e383e.pdf,
Tamil Nadu,Fruit Juice and Lassi makers in shops,Special Categories,Miscellaneous Workers,01-04-2025,03-03-2025,541.54,14080,https://f1a40278-2118-4c25-abcb-b9aa5dc342d3.usrfiles.com/ugd/f1a402_abe15b5a75234dd7b56cf4b3ae1e383e.pdf,
Tamil Nadu,Fruit Juice and Lassi makers in shops,Special Categories,Miscellaneous Workers,01-04-2025,03-03-2025,538.62,14004,https://f1a40278-2118-4c25-abcb-b9aa5dc342d3.usrfiles.com/ugd/f1a402_abe15b5a75234dd7b56cf4b3ae1e383e.pdf,
Tamil Nadu,Fruit Juice and Lassi makers in shops,Special Categories,Miscellaneous Workers,01-04-2025,03-03-2025,535.85,13932,https://f1a40278-2118-4c25-abcb-b9aa5dc342d3.usrfiles.com/ugd/f1a402_abe15b5a75234dd7b56cf4b3ae1e383e.pdf,
Tamil Nadu,Fruit Juice and Lassi makers in shops,Special Categories,Miscellaneous Workers,01-04-2025,03-03-2025,533.31,13866,https://f1a40278-2118-4c25-abcb-b9aa5dc342d3.usrfiles.com/ugd/f1a402_abe15b5a75234dd7b56cf4b3ae1e383e.pdf,
Tamil Nadu,Engraver in Steel and Aluminium Vessels Shops,Special Categories,Miscellaneous Workers,01-04-2025,03-03-2025,543.92,14142,https://f1a40278-2118-4c25-abcb-b9aa5dc342d3.usrfiles.com/ugd/f1a402_abe15b5a75234dd7b56cf4b3ae1e383e.pdf,
Tamil Nadu,Engraver in steel and aluminium vessels shops,Special Categories,Miscellaneous Workers,01-04-2025,03-03-2025,541,14066,https://f1a40278-2118-4c25-abcb-b9aa5dc342d3.usrfiles.com/ugd/f1a402_abe15b5a75234dd7b56cf4b3ae1e383e.pdf,
Tamil Nadu,Engraver in steel and aluminium vessels shops,Special Categories,Miscellaneous Workers,01-04-2025,03-03-2025,538.19,13993,https://f1a40278-2118-4c25-abcb-b9aa5dc342d3.usrfiles.com/ugd/f1a402_abe15b5a75234dd7b56cf4b3ae1e383e.pdf,
Tamil Nadu,Engraver in steel and aluminium vessels shops,Special Categories,Miscellaneous Workers,01-04-2025,03-03-2025,535.85,13932,https://f1a40278-2118-4c25-abcb-b9aa5dc342d3.usrfiles.com/ugd/f1a402_abe15b5a75234dd7b56cf4b3ae1e383e.pdf,
Tamil Nadu,Firewood Cutter in Fire-Wood Shop,Special Categories,Miscellaneous Workers,01-04-2025,03-03-2025,541.54,14080,https://f1a40278-2118-4c25-abcb-b9aa5dc342d3.usrfiles.com/ugd/f1a402_abe15b5a75234dd7b56cf4b3ae1e383e.pdf,
Tamil Nadu,Firewood Cutter in Fire-Wood Shop,Special Categories,Miscellaneous Workers,01-04-2025,03-03-2025,538.62,14004,https://f1a40278-2118-4c25-abcb-b9aa5dc342d3.usrfiles.com/ugd/f1a402_abe15b5a75234dd7b56cf4b3ae1e383e.pdf,
Tamil Nadu,Firewood Cutter in Fire-Wood Shop,Special Categories,Miscellaneous Workers,01-04-2025,03-03-2025,535.85,13932,https://f1a40278-2118-4c25-abcb-b9aa5dc342d3.usrfiles.com/ugd/f1a402_abe15b5a75234dd7b56cf4b3ae1e383e.pdf,
Tamil Nadu,Firewood Cutter in Fire-Wood Shop,Special Categories,Miscellaneous Workers,01-04-2025,03-03-2025,533.31,13866,https://f1a40278-2118-4c25-abcb-b9aa5dc342d3.usrfiles.com/ugd/f1a402_abe15b5a75234dd7b56cf4b3ae1e383e.pdf,
Tamil Nadu,"Tyre grinder in tyre resoling, retreading and tube vulcanizing shops",Special Categories,Miscellaneous Workers,01-04-2025,03-03-2025,543.92,14142,https://f1a40278-2118-4c25-abcb-b9aa5dc342d3.usrfiles.com/ugd/f1a402_abe15b5a75234dd7b56cf4b3ae1e383e.pdf,
Tamil Nadu,"Tyre grinder in tyre resoling, retreading and tube vulcanizing shops",Special Categories,Miscellaneous Workers,01-04-2025,03-03-2025,541,14066,https://f1a40278-2118-4c25-abcb-b9aa5dc342d3.usrfiles.com/ugd/f1a402_abe15b5a75234dd7b56cf4b3ae1e383e.pdf,
Tamil Nadu,"Tyre grinder in tyre resoling, retreading and tube vulcanizing shops",Special Categories,Miscellaneous Workers,01-04-2025,03-03-2025,538.19,13993,https://f1a40278-2118-4c25-abcb-b9aa5dc342d3.usrfiles.com/ugd/f1a402_abe15b5a75234dd7b56cf4b3ae1e383e.pdf,
Tamil Nadu,"Tyre grinder in tyre resoling, retreading and tube vulcanizing shops",Special Categories,Miscellaneous Workers,01-04-2025,03-03-2025,535.85,13932,https://f1a40278-2118-4c25-abcb-b9aa5dc342d3.usrfiles.com/ugd/f1a402_abe15b5a75234dd7b56cf4b3ae1e383e.pdf,
Tamil Nadu,"Workers engaged in drying, storing, washing, measuring loading and unloading in pandagasalai, warehouse, godown, store room and hill produce merchant shops",Special Categories,Miscellaneous Workers,01-04-2025,03-03-2025,538.62,14004,https://f1a40278-2118-4c25-abcb-b9aa5dc342d3.usrfiles.com/ugd/f1a402_abe15b5a75234dd7b56cf4b3ae1e383e.pdf,
Tamil Nadu,"Workers engaged in drying, storing, washing, measuring loading and unloading in pandagasalai, warehouse, godown, store room and hill produce merchant shops",Special Categories,Miscellaneous Workers,01-04-2025,03-03-2025,535.85,13932,https://f1a40278-2118-4c25-abcb-b9aa5dc342d3.usrfiles.com/ugd/f1a402_abe15b5a75234dd7b56cf4b3ae1e383e.pdf,
Tamil Nadu,"Workers engaged in drying, storing, washing, measuring loading and unloading in pandagasalai, warehouse, godown, store room and hill produce merchant shops",Special Categories,Miscellaneous Workers,01-04-2025,03-03-2025,532.85,13854,https://f1a40278-2118-4c25-abcb-b9aa5dc342d3.usrfiles.com/ugd/f1a402_abe15b5a75234dd7b56cf4b3ae1e383e.pdf,
Tamil Nadu,"Workers engaged in drying, storing, washing, measuring loading and unloading in pandagasalai, warehouse, godown, store room and hill produce merchant shops",Special Categories,Miscellaneous Workers,01-04-2025,03-03-2025,530.12,13783,https://f1a40278-2118-4c25-abcb-b9aa5dc342d3.usrfiles.com/ugd/f1a402_abe15b5a75234dd7b56cf4b3ae1e383e.pdf,
Tamil Nadu,General workers in all shops and commercial establishments other than in Administration and Clerical Cadre and who are not covered in any of the above categories.,Special Categories,Miscellaneous Workers,01-04-2025,03-03-2025,538.62,14004,https://f1a40278-2118-4c25-abcb-b9aa5dc342d3.usrfiles.com/ugd/f1a402_abe15b5a75234dd7b56cf4b3ae1e383e.pdf,
Tamil Nadu,General workers in all shops and commercial establishments other than in Administration and Clerical Cadre and who are not covered in any of the above categories.,Special Categories,Miscellaneous Workers,01-04-2025,03-03-2025,535.85,13932,https://f1a40278-2118-4c25-abcb-b9aa5dc342d3.usrfiles.com/ugd/f1a402_abe15b5a75234dd7b56cf4b3ae1e383e.pdf,
Tamil Nadu,General workers in all shops and commercial establishments other than in Administration and Clerical Cadre and who are not covered in any of the above categories.,Special Categories,Miscellaneous Workers,01-04-2025,03-03-2025,532.85,13854,https://f1a40278-2118-4c25-abcb-b9aa5dc342d3.usrfiles.com/ugd/f1a402_abe15b5a75234dd7b56cf4b3ae1e383e.pdf,
Tamil Nadu,General workers in all shops and commercial establishments other than in Administration and Clerical Cadre and who are not covered in any of the above categories.,Special Categories,Miscellaneous Workers,01-04-2025,03-03-2025,530.12,13783,https://f1a40278-2118-4c25-abcb-b9aa5dc342d3.usrfiles.com/ugd/f1a402_abe15b5a75234dd7b56cf4b3ae1e383e.pdf,
